rsymbol,recommendation,api_action,confidence,trend_strength,price,sma5,sma20,sma50,rsi,macd,stochastic_k,short_trend,medium_trend,long_trend,overall_trend,update,reasons
BBNI,STRONG_BUY,STRONG_BUY,90,67,4570,4556,4474.5,4378.8,52.46,59.68,78.38,BULLISH,BULLISH,BEARISH,BULLISH,2026-02-05,Short-term BULLISH | Medium-term BULLISH | OBV BULLISH | MACD bullish | OBV bullish
BDMN,STRONG_BUY,STRONG_BUY,90,67,2630,2578,2554.5,2511.8,52.94,20.46,71.79,BULLISH,BULLISH,BEARISH,BULLISH,2026-02-05,Short-term BULLISH | Medium-term BULLISH | OBV BULLISH | MACD bullish | OBV bullish
MARK,STRONG_BUY,STRONG_BUY,90,67,850,838,826.5,818.2,54.9,7.51,78.13,BULLISH,BULLISH,BEARISH,BULLISH,2026-02-05,Short-term BULLISH | Medium-term BULLISH | OBV BULLISH | MACD bullish | OBV bullish
MAPA,STRONG_BUY,STRONG_BUY,90,58,705,708,664,692.4,68.29,7.29,74.19,BULLISH,BULLISH,BEARISH,BULLISH,2026-02-05,Short-term BULLISH | Medium-term BULLISH | OBV BULLISH | MACD bullish | OBV bullish
CLAY,STRONG_BUY,STRONG_BUY,90,67,2850,2828,2633,2574.2,67.31,102.93,58.82,BULLISH,BULLISH,BEARISH,BULLISH,2026-02-05,Short-term BULLISH | Medium-term BULLISH | OBV BULLISH | MACD bullish | OBV bullish
EDGE,STRONG_BUY,STRONG_BUY,90,67,5000,4979,4641.75,4617.5,66.89,118.64,49.84,BULLISH,BULLISH,BEARISH,BULLISH,2026-02-05,Short-term BULLISH | Medium-term BULLISH | OBV BULLISH | MACD bullish | OBV bullish
AADI,STRONG_BUY,STRONG_BUY,90,67,8200,8075,7745,7476,61.11,199.9,70.73,BULLISH,BULLISH,BEARISH,BULLISH,2026-02-05,Short-term BULLISH | Medium-term BULLISH | OBV BULLISH | MACD bullish | OBV bullish
MSJA,STRONG_BUY,STRONG_BUY,90,67,390,378,355.9,351.8,62.63,10.41,64.29,BULLISH,BULLISH,BEARISH,BULLISH,2026-02-05,Short-term BULLISH | Medium-term BULLISH | OBV BULLISH | MACD bullish | OBV bullish
ADES,BUY,BUY,80,58,15325,15285,15262.5,15347.5,54.72,4.37,83.87,BULLISH,BULLISH,BEARISH,BULLISH,2026-02-05,Short-term BULLISH | Medium-term BULLISH | Stochastic OVERBOUGHT (K=84) | OBV BULLISH | MACD bullish
BBRI,BUY,BUY,80,67,3850,3832,3786,3750,52.05,22.6,86.15,BULLISH,BULLISH,BEARISH,BULLISH,2026-02-05,Short-term BULLISH | Medium-term BULLISH | Stochastic OVERBOUGHT (K=86) | OBV BULLISH | MACD bullish
BNGA,BUY,BUY,80,67,1875,1837,1828,1791.4,60,16.7,81.82,BULLISH,BULLISH,BEARISH,BULLISH,2026-02-05,Short-term BULLISH | Medium-term BULLISH | Stochastic OVERBOUGHT (K=82) | OBV BULLISH | MACD bullish
GGRM,BUY,BUY,80,67,16775,16185,15710,14783,65.74,465.35,88.51,BULLISH,BULLISH,BEARISH,BULLISH,2026-02-05,Short-term BULLISH | Medium-term BULLISH | Stochastic OVERBOUGHT (K=89) | OBV BULLISH | MACD bullish
INPP,BUY,BUY,80,67,790,786,758,726.1,60.71,15.49,93.55,BULLISH,BULLISH,BEARISH,BULLISH,2026-02-05,Short-term BULLISH | Medium-term BULLISH | Stochastic OVERBOUGHT (K=94) | OBV BULLISH | MACD bullish
JSMR,BUY,BUY,80,67,3750,3670,3581.5,3489,63.64,61.25,88.89,BULLISH,BULLISH,BEARISH,BULLISH,2026-02-05,Short-term BULLISH | Medium-term BULLISH | Stochastic OVERBOUGHT (K=89) | OBV BULLISH | MACD bullish
LPPF,BUY,BUY,80,67,1915,1870,1835,1745.3,63.86,38.91,94,BULLISH,BULLISH,BEARISH,BULLISH,2026-02-05,Short-term BULLISH | Medium-term BULLISH | Stochastic OVERBOUGHT (K=94) | OBV BULLISH | MACD bullish
MAPI,BUY,BUY,80,67,1235,1219,1200.25,1205.1,58.21,7.05,81.03,BULLISH,BULLISH,BEARISH,BULLISH,2026-02-05,Short-term BULLISH | Medium-term BULLISH | Stochastic OVERBOUGHT (K=81) | OBV BULLISH | MACD bullish
PTBA,BUY,BUY,80,67,2590,2536,2486,2375.6,64.58,50.89,86.05,BULLISH,BULLISH,BEARISH,BULLISH,2026-02-05,Short-term BULLISH | Medium-term BULLISH | Stochastic OVERBOUGHT (K=86) | OBV BULLISH | MACD bullish
SILO,BUY,BUY,80,67,2840,2836,2632,2559.8,62.24,91.01,90.91,BULLISH,BULLISH,BEARISH,BULLISH,2026-02-05,Short-term BULLISH | Medium-term BULLISH | Stochastic OVERBOUGHT (K=91) | OBV BULLISH | MACD bullish
SMSM,BUY,BUY,80,67,1780,1760,1759.25,1742.1,54.29,3.43,85.71,BULLISH,BULLISH,BEARISH,BULLISH,2026-02-05,Short-term BULLISH | Medium-term BULLISH | Stochastic OVERBOUGHT (K=86) | OBV BULLISH | MACD bullish
TUGU,BUY,BUY,80,67,1250,1181,1189.5,1149.7,55.71,7.23,93.75,BULLISH,BULLISH,BEARISH,BULLISH,2026-02-05,Short-term BULLISH | Medium-term BULLISH | Stochastic OVERBOUGHT (K=94) | OBV BULLISH | MACD bullish
AGII,BUY,BUY,80,67,2200,1953,1737,1633,69.67,118.61,76.88,BULLISH,BULLISH,BEARISH,BULLISH,2026-02-05,Short-term BULLISH | Medium-term BULLISH | OBV BULLISH | Bollinger OVERBOUGHT | MACD bullish
BBTN,BUY,BUY,70,67,1320,1267,1218.25,1185.4,66.67,27.53,89.09,BULLISH,BULLISH,BEARISH,BULLISH,2026-02-05,Short-term BULLISH | Medium-term BULLISH | Stochastic OVERBOUGHT (K=89) | OBV BULLISH | Bollinger OVERBOUGHT
BEST,BUY,BUY,70,58,117,113.4,117.3,111.36,47.62,0.35,68.75,BULLISH,BULLISH,BEARISH,BULLISH,2026-02-05,Short-term BULLISH | Medium-term BULLISH | OBV BULLISH | OBV bullish | Above VWAP
BNII,BUY,BUY,70,67,220,214,218.1,212.52,50,0.32,71.43,BULLISH,BULLISH,BEARISH,BULLISH,2026-02-05,Short-term BULLISH | Medium-term BULLISH | OBV BULLISH | OBV bullish | Above VWAP
ELSA,BUY,BUY,70,67,705,694,603.25,543.44,68.13,48.76,72.34,BULLISH,BULLISH,BEARISH,BULLISH,2026-02-05,Short-term BULLISH | Medium-term BULLISH | OBV BEARISH | MACD bullish | OBV bearish
HMSP,BUY,BUY,70,67,875,847,801,782.4,69.09,23.15,87.5,BULLISH,BULLISH,BEARISH,BULLISH,2026-02-05,Short-term BULLISH | Medium-term BULLISH | Stochastic OVERBOUGHT (K=88) | OBV BULLISH | Bollinger OVERBOUGHT
ICBP,BUY,BUY,70,58,8300,8300,8120,8193.5,55.21,23.29,78.18,BULLISH,BULLISH,BEARISH,BULLISH,2026-02-05,Short-term BULLISH | Medium-term BULLISH | OBV BULLISH | MACD bullish | OBV bullish
JRPT,BUY,BUY,70,67,1075,1072,1066.25,1058.9,55.56,5.64,78.95,BULLISH,BULLISH,BEARISH,BULLISH,2026-02-05,Short-term BULLISH | Medium-term BULLISH | OBV BULLISH | OBV bullish | Above VWAP
KBLI,BUY,BUY,70,67,338,329.6,329.1,329,56.25,0.99,53.13,BULLISH,BULLISH,BEARISH,BULLISH,2026-02-05,Short-term BULLISH | Medium-term BULLISH | OBV BEARISH | MACD bullish | OBV bearish
MPMX,BUY,BUY,70,67,1015,1008,1007.25,979.7,52.63,9.14,77.78,BULLISH,BULLISH,BEARISH,BULLISH,2026-02-05,Short-term BULLISH | Medium-term BULLISH | OBV BULLISH | OBV bullish | Above VWAP
MYOR,BUY,BUY,70,42,2300,2326,2203,2169.2,69.7,50.42,65.79,BEARISH,BULLISH,BEARISH,NEUTRAL,2026-02-05,Short-term BEARISH | Medium-term BULLISH | OBV BULLISH | MACD bullish | OBV bullish
NISP,BUY,BUY,70,67,1515,1467,1451.75,1405.2,62.5,19.39,90.24,BULLISH,BULLISH,BEARISH,BULLISH,2026-02-05,Short-term BULLISH | Medium-term BULLISH | Stochastic OVERBOUGHT (K=90) | OBV BULLISH | Bollinger OVERBOUGHT
PGAS,BUY,BUY,70,67,2200,2172,2102.5,1946.8,65,71.82,76.34,BULLISH,BULLISH,BEARISH,BULLISH,2026-02-05,Short-term BULLISH | Medium-term BULLISH | OBV BULLISH | OBV bullish | Above VWAP
RALS,BUY,BUY,70,67,486,460,455,438.24,64.79,8.37,92.68,BULLISH,BULLISH,BEARISH,BULLISH,2026-02-05,Short-term BULLISH | Medium-term BULLISH | Stochastic OVERBOUGHT (K=93) | OBV BULLISH | Bollinger OVERBOUGHT
SCCO,BUY,BUY,70,58,2560,2516,2461.5,2393.2,62.11,49.56,36.71,BULLISH,BULLISH,BEARISH,BULLISH,2026-02-05,Short-term BULLISH | Medium-term BULLISH | OBV BEARISH | MACD bullish | OBV bearish
TOTL,BUY,BUY,70,67,1050,1033,1044,1039.6,51.28,2.23,64.58,BULLISH,BULLISH,BEARISH,BULLISH,2026-02-05,Short-term BULLISH | Medium-term BULLISH | OBV BULLISH | OBV bullish | Above VWAP
ULTJ,BUY,BUY,70,58,1510,1510,1488,1480.9,59.62,11.5,61.11,BULLISH,BULLISH,BEARISH,BULLISH,2026-02-05,Short-term BULLISH | Medium-term BULLISH | OBV BEARISH | MACD bullish | OBV bearish
WIIM,BUY,BUY,70,67,1920,1878,1783.25,1712.5,61.29,60.51,72.41,BULLISH,BULLISH,BEARISH,BULLISH,2026-02-05,Short-term BULLISH | Medium-term BULLISH | OBV BEARISH | MACD bullish | OBV bearish
BOGA,BUY,BUY,70,50,1520,1538,1301,1180.4,64.68,130.56,61.54,SIDEWAYS,BULLISH,BEARISH,NEUTRAL,2026-02-05,Medium-term BULLISH | OBV BULLISH | MACD bullish | OBV bullish
MAPB,BUY,BUY,70,67,1620,1576,1581.5,1578.5,55,2.75,71.43,BULLISH,BULLISH,BEARISH,BULLISH,2026-02-05,Short-term BULLISH | Medium-term BULLISH | OBV BULLISH | MACD bullish | OBV bullish
SOHO,BUY,BUY,70,67,2660,2487,2498.5,1855.4,38.99,199.6,51.16,BULLISH,BULLISH,BEARISH,BULLISH,2026-02-05,Short-term BULLISH | Medium-term BULLISH | OBV BULLISH | OBV bullish | Above VWAP
ASGR,BUY,BUY,60,58,1720,1725,1452.5,1309.9,78.89,135.24,85.95,BULLISH,BULLISH,BEARISH,BULLISH,2026-02-05,Short-term BULLISH | Medium-term BULLISH | Stochastic OVERBOUGHT (K=86) | OBV BULLISH | RSI overbought
BGTG,BUY,BUY,60,67,144,138.6,138.3,129.02,54.55,2.8,91.67,BULLISH,BULLISH,BEARISH,BULLISH,2026-02-05,Short-term BULLISH | Medium-term BULLISH | Stochastic OVERBOUGHT (K=92) | OBV BULLISH | Stochastic overbought
BJTM,BUY,BUY,60,67,570,563,563,551,41.67,3.72,80,BULLISH,BULLISH,BEARISH,BULLISH,2026-02-05,Short-term BULLISH | Medium-term BULLISH | Stochastic OVERBOUGHT (K=80) | OBV BULLISH | Stochastic overbought
BMRI,BUY,BUY,60,67,5050,4900,4869.25,4933.9,52.86,-7.48,95.15,BULLISH,BULLISH,BEARISH,BULLISH,2026-02-05,Short-term BULLISH | Medium-term BULLISH | Stochastic OVERBOUGHT (K=95) | OBV BULLISH | Stochastic overbought
BSWD,BUY,BUY,60,67,1165,1122,1046.75,925.6,99.01,58.93,100,BULLISH,BULLISH,BEARISH,BULLISH,2026-02-05,Short-term BULLISH | Medium-term BULLISH | Stochastic OVERBOUGHT (K=100) | OBV BULLISH | RSI overbought
IBST,BUY,BUY,60,67,5500,5340,5365,5107.5,37.14,65.46,16.67,BULLISH,BULLISH,BEARISH,BULLISH,2026-02-05,Short-term BULLISH | Medium-term BULLISH | Stochastic OVERSOLD (K=17) | OBV BULLISH | Stochastic oversold
INDS,BUY,BUY,60,67,980,836,658.3,398.92,99.01,147.71,100,BULLISH,BULLISH,BEARISH,BULLISH,2026-02-05,Short-term BULLISH | Medium-term BULLISH | Stochastic OVERBOUGHT (K=100) | OBV BULLISH | RSI overbought
ISSP,BUY,BUY,60,67,468,450.4,453.4,446.52,58.21,2.87,82.86,BULLISH,BULLISH,BEARISH,BULLISH,2026-02-05,Short-term BULLISH | Medium-term BULLISH | Stochastic OVERBOUGHT (K=83) | OBV BULLISH | Stochastic overbought
OMRE,BUY,BUY,60,67,750,738,607.45,506.58,79.03,70.58,85.19,BULLISH,BULLISH,BEARISH,BULLISH,2026-02-05,Short-term BULLISH | Medium-term BULLISH | Stochastic OVERBOUGHT (K=85) | OBV BULLISH | RSI overbought
YULE,BUY,BUY,60,58,3320,3320,3239.5,3017,60,74.01,58.33,BULLISH,BULLISH,BEARISH,BULLISH,2026-02-05,Short-term BULLISH | Medium-term BULLISH | OBV NEUTRAL | Above VWAP | Trend: BULLISH
PRDA,BUY,BUY,60,67,2420,2402,2388,2376,54.17,5.98,83.33,BULLISH,BULLISH,BEARISH,BULLISH,2026-02-05,Short-term BULLISH | Medium-term BULLISH | Stochastic OVERBOUGHT (K=83) | OBV BULLISH | MACD bullish
PPRE,BUY,BUY,60,67,218,178.8,197.05,157.86,51.35,4.99,92.41,BULLISH,BULLISH,BEARISH,BULLISH,2026-02-05,Short-term BULLISH | Medium-term BULLISH | Stochastic OVERBOUGHT (K=92) | OBV BULLISH | Stochastic overbought
BTPS,BUY,BUY,60,67,1260,1236,1231,1249,61.36,0.21,90,BULLISH,BULLISH,BEARISH,BULLISH,2026-02-05,Short-term BULLISH | Medium-term BULLISH | Stochastic OVERBOUGHT (K=90) | OBV BULLISH | MACD bullish
CSRA,BUY,BUY,60,67,1030,1007,954.5,929.7,70.91,24.97,87.88,BULLISH,BULLISH,BEARISH,BULLISH,2026-02-05,Short-term BULLISH | Medium-term BULLISH | Stochastic OVERBOUGHT (K=88) | OBV BULLISH | RSI overbought
CMRY,BUY,BUY,60,58,5525,5380,5302.5,5535.5,60,-28.14,88.97,BULLISH,BULLISH,BEARISH,BULLISH,2026-02-05,Short-term BULLISH | Medium-term BULLISH | Stochastic OVERBOUGHT (K=89) | OBV BULLISH | Stochastic overbought
MMIX,BUY,BUY,60,67,220,203.4,206,217.44,58.75,-3.22,100,BULLISH,BULLISH,BEARISH,BULLISH,2026-02-05,Short-term BULLISH | Medium-term BULLISH | Stochastic OVERBOUGHT (K=100) | OBV BULLISH | Stochastic overbought
VISI,BUY,BUY,60,67,630,586,459.6,309.78,99.01,95.65,100,BULLISH,BULLISH,BEARISH,BULLISH,2026-02-05,Short-term BULLISH | Medium-term BULLISH | Stochastic OVERBOUGHT (K=100) | OBV BULLISH | RSI overbought
MDLA,BUY,BUY,60,58,252,246.8,249.6,257.68,50,-3,80,BULLISH,BULLISH,BEARISH,BULLISH,2026-02-05,Short-term BULLISH | Medium-term BULLISH | Stochastic OVERBOUGHT (K=80) | OBV BULLISH | Stochastic overbought
FOLK,BUY,BUY,50,17,620,654,805.5,576.2,19.35,15.07,16.83,BEARISH,SIDEWAYS,BEARISH,BEARISH,2026-02-05,Short-term BEARISH | Stochastic OVERSOLD (K=17) | OBV BULLISH | RSI oversold | Stochastic oversold
AALI,NEUTRAL,HOLD,50,33,7525,7430,7601.25,7594.5,43.08,-47.86,76.6,BULLISH,BEARISH,BEARISH,NEUTRAL,2026-02-05,Short-term BULLISH | Medium-term BEARISH | OBV BULLISH | MACD bearish | OBV bullish
ACES,NEUTRAL,HOLD,50,33,406,400,407.8,412.92,45.16,-4.25,77.14,BULLISH,BEARISH,BEARISH,NEUTRAL,2026-02-05,Short-term BULLISH | Medium-term BEARISH | OBV BULLISH | MACD bearish | OBV bullish
ARII,NEUTRAL,HOLD,50,33,298,281.2,306.7,299.96,41.38,-6.62,53.85,BULLISH,BEARISH,BEARISH,NEUTRAL,2026-02-05,Short-term BULLISH | Medium-term BEARISH | OBV BULLISH | MACD bearish | OBV bullish
ASII,NEUTRAL,HOLD,50,67,6950,6610,6805,6694,48.59,-31.78,70,BULLISH,BULLISH,BEARISH,BULLISH,2026-02-05,Short-term BULLISH | Medium-term BULLISH | OBV BULLISH | MACD bearish | OBV bullish
ASRI,NEUTRAL,HOLD,50,33,166,159.2,170.7,167.16,38.67,-2.63,66.04,BULLISH,BEARISH,BEARISH,NEUTRAL,2026-02-05,Short-term BULLISH | Medium-term BEARISH | OBV BULLISH | MACD bearish | OBV bullish
ASSA,NEUTRAL,HOLD,50,50,1170,1153,1184.75,1169.4,48.48,-6.17,69.39,BULLISH,SIDEWAYS,BEARISH,NEUTRAL,2026-02-05,Short-term BULLISH | OBV BEARISH | MACD bearish | OBV bearish
BBLD,NEUTRAL,HOLD,50,67,910,885,904.75,906.8,47.17,-6.48,62.5,BULLISH,BULLISH,BEARISH,BULLISH,2026-02-05,Short-term BULLISH | Medium-term BULLISH | OBV BULLISH | OBV bullish | Below VWAP
BBMD,NEUTRAL,HOLD,50,42,2000,1972,2010.75,2008.9,36.49,-17.28,33.33,BULLISH,BEARISH,BEARISH,NEUTRAL,2026-02-05,Short-term BULLISH | Medium-term BEARISH | OBV BULLISH | MACD bearish | OBV bullish
BINA,NEUTRAL,HOLD,50,58,4690,4702,4672.5,4569.2,55.56,32.25,52.73,BULLISH,BULLISH,BEARISH,BULLISH,2026-02-05,Short-term BULLISH | Medium-term BULLISH | OBV BEARISH | OBV bearish | Above VWAP
BJBR,NEUTRAL,HOLD,50,58,820,813,824,811.1,40,0.9,61.11,BULLISH,BULLISH,BEARISH,BULLISH,2026-02-05,Short-term BULLISH | Medium-term BULLISH | OBV BEARISH | OBV bearish | Above VWAP
BSDE,NEUTRAL,HOLD,50,33,920,909,931.5,931.3,37.04,-7.05,74.29,BULLISH,BEARISH,BEARISH,NEUTRAL,2026-02-05,Short-term BULLISH | Medium-term BEARISH | OBV BULLISH | MACD bearish | OBV bullish
BSIM,NEUTRAL,HOLD,50,33,1165,1190,1245,1034.1,40,26.7,61.05,BEARISH,BULLISH,BEARISH,NEUTRAL,2026-02-05,Short-term BEARISH | Medium-term BULLISH | OBV BEARISH | OBV bearish | Below VWAP
CTBN,NEUTRAL,HOLD,50,42,6325,6130,6531.25,6364.5,26.88,-34.53,34.23,BULLISH,BEARISH,BEARISH,NEUTRAL,2026-02-05,Short-term BULLISH | Medium-term BEARISH | OBV BEARISH | RSI oversold | MACD bearish
DMAS,NEUTRAL,HOLD,50,33,137,137,137.7,133.24,43.75,1.08,55.56,BEARISH,BULLISH,BEARISH,NEUTRAL,2026-02-05,Short-term BEARISH | Medium-term BULLISH | OBV BEARISH | OBV bearish | Below VWAP
ERAA,NEUTRAL,HOLD,50,67,418,401.6,407.1,409.88,55.56,-1.59,79.07,BULLISH,BULLISH,BEARISH,BULLISH,2026-02-05,Short-term BULLISH | Medium-term BULLISH | OBV BULLISH | OBV bullish | Below VWAP
GSMF,NEUTRAL,HOLD,50,33,110,103.8,118.5,118.5,34.43,-4.62,29.23,BULLISH,BEARISH,BEARISH,NEUTRAL,2026-02-05,Short-term BULLISH | Medium-term BEARISH | OBV BULLISH | MACD bearish | OBV bullish
INDF,NEUTRAL,HOLD,50,50,7000,7015,6800,6899.5,59.62,47.8,74.42,SIDEWAYS,BULLISH,BEARISH,NEUTRAL,2026-02-05,Medium-term BULLISH | OBV BULLISH | MACD bullish | OBV bullish
INDY,NEUTRAL,HOLD,50,58,3340,3176,3329.5,2570.9,47.42,190.01,53.27,BULLISH,BULLISH,BEARISH,BULLISH,2026-02-05,Short-term BULLISH | Medium-term BULLISH | OBV BEARISH | OBV bearish | Above VWAP
ITMA,NEUTRAL,HOLD,50,58,2140,2064,2126,1847.8,54.46,78.48,43.59,BULLISH,BULLISH,BEARISH,BULLISH,2026-02-05,Short-term BULLISH | Medium-term BULLISH | OBV BEARISH | OBV bearish | Above VWAP
JTPE,NEUTRAL,HOLD,50,33,595,593,597.5,532.56,51.49,16.1,34.88,BEARISH,BULLISH,BEARISH,NEUTRAL,2026-02-05,Short-term BEARISH | Medium-term BULLISH | OBV BULLISH | OBV bullish | Above VWAP
MDKA,NEUTRAL,HOLD,50,42,3060,2996,3074.5,2616.4,51.96,125.13,45.83,SIDEWAYS,BULLISH,BEARISH,NEUTRAL,2026-02-05,Medium-term BULLISH | OBV BULLISH | OBV bullish | Above VWAP
MIDI,NEUTRAL,HOLD,50,33,326,314.8,340.5,362.2,31.25,-15.48,55.81,BULLISH,BEARISH,BEARISH,NEUTRAL,2026-02-05,Short-term BULLISH | Medium-term BEARISH | OBV BULLISH | MACD bearish | OBV bullish
PTPP,NEUTRAL,HOLD,50,33,360,350.4,374.9,373.72,35.48,-9.84,64,BULLISH,BEARISH,BEARISH,NEUTRAL,2026-02-05,Short-term BULLISH | Medium-term BEARISH | OBV BULLISH | MACD bearish | OBV bullish
PTSN,NEUTRAL,HOLD,50,42,360,340.4,367.4,369.88,42.86,-8.66,62.26,BULLISH,BEARISH,BEARISH,NEUTRAL,2026-02-05,Short-term BULLISH | Medium-term BEARISH | OBV BULLISH | MACD bearish | OBV bullish
SIMP,NEUTRAL,HOLD,50,42,580,569,583.5,588,45.45,-5.27,76.92,BULLISH,BEARISH,BEARISH,NEUTRAL,2026-02-05,Short-term BULLISH | Medium-term BEARISH | OBV BULLISH | MACD bearish | OBV bullish
SKLT,NEUTRAL,HOLD,50,58,256,250,257.1,246.88,52.11,1.37,25.33,BULLISH,BULLISH,BEARISH,BULLISH,2026-02-05,Short-term BULLISH | Medium-term BULLISH | OBV BEARISH | OBV bearish | Above VWAP
SMGR,NEUTRAL,HOLD,50,42,2600,2544,2603,2690.8,47.44,-37.21,73.02,BULLISH,BEARISH,BEARISH,NEUTRAL,2026-02-05,Short-term BULLISH | Medium-term BEARISH | OBV BULLISH | MACD bearish | OBV bullish
SMRA,NEUTRAL,HOLD,50,67,398,392.8,397.2,389.32,42.11,0.66,73.33,BULLISH,BULLISH,BEARISH,BULLISH,2026-02-05,Short-term BULLISH | Medium-term BULLISH | OBV BULLISH | OBV bullish | Below VWAP
STAR,NEUTRAL,HOLD,50,58,780,780,591.8,435.98,78.83,107.42,100,BULLISH,BULLISH,BEARISH,BULLISH,2026-02-05,Short-term BULLISH | Medium-term BULLISH | Stochastic OVERBOUGHT (K=100) | OBV NEUTRAL | RSI overbought
TBLA,NEUTRAL,HOLD,50,33,655,649,665.75,682.8,42.31,-10.77,72.22,BULLISH,BEARISH,BEARISH,NEUTRAL,2026-02-05,Short-term BULLISH | Medium-term BEARISH | OBV BULLISH | MACD bearish | OBV bullish
TFCO,NEUTRAL,HOLD,50,33,860,939,810.5,624.2,63.93,109.12,39,BEARISH,BULLISH,BEARISH,NEUTRAL,2026-02-05,Short-term BEARISH | Medium-term BULLISH | OBV BEARISH | OBV bearish | Below VWAP
TPMA,NEUTRAL,HOLD,50,58,585,578,591.25,578.7,37.5,-1.26,66.67,BULLISH,BULLISH,BEARISH,BULLISH,2026-02-05,Short-term BULLISH | Medium-term BULLISH | OBV BULLISH | MACD bearish | OBV bullish
DPUM,NEUTRAL,HOLD,50,33,276,276,276,207.04,99.01,16.04,50,BEARISH,BULLISH,BEARISH,NEUTRAL,2026-02-05,Short-term BEARISH | Medium-term BULLISH | OBV NEUTRAL | Bollinger OVERBOUGHT | RSI overbought
KINO,NEUTRAL,HOLD,50,42,1290,1263,1293.5,1317.5,50.85,-19.02,71.79,BULLISH,BEARISH,BEARISH,NEUTRAL,2026-02-05,Short-term BULLISH | Medium-term BEARISH | OBV BULLISH | OBV bullish | Above VWAP
BRIS,NEUTRAL,HOLD,50,67,2400,2304,2220,2256.4,58.73,17.11,89.71,BULLISH,BULLISH,BEARISH,BULLISH,2026-02-05,Short-term BULLISH | Medium-term BULLISH | Stochastic OVERBOUGHT (K=90) | OBV BULLISH | Bollinger OVERBOUGHT
PORT,NEUTRAL,HOLD,50,33,995,926,1048.5,1113.5,41.13,-62.85,45.74,BULLISH,BEARISH,BEARISH,NEUTRAL,2026-02-05,Short-term BULLISH | Medium-term BEARISH | OBV BULLISH | MACD bearish | OBV bullish
BELL,NEUTRAL,HOLD,50,33,162,187.8,155.7,104.76,70.63,27.53,55.95,BEARISH,BULLISH,BEARISH,NEUTRAL,2026-02-05,Short-term BEARISH | Medium-term BULLISH | OBV BEARISH | RSI overbought | OBV bearish
TCPI,NEUTRAL,HOLD,50,50,10725,10695,10427.5,9083.5,57.23,500.2,78.38,SIDEWAYS,BULLISH,BEARISH,NEUTRAL,2026-02-05,Medium-term BULLISH | OBV BULLISH | OBV bullish | Above VWAP
NATO,NEUTRAL,HOLD,50,33,900,938,789.6,463.32,74.5,155.15,66.39,BEARISH,BULLISH,BEARISH,NEUTRAL,2026-02-05,Short-term BEARISH | Medium-term BULLISH | OBV BEARISH | RSI overbought | OBV bearish
PSGO,NEUTRAL,HOLD,50,33,206,203.2,208.45,210.1,47.56,-2.17,48.24,BULLISH,BEARISH,BEARISH,NEUTRAL,2026-02-05,Short-term BULLISH | Medium-term BEARISH | OBV BULLISH | MACD bearish | OBV bullish
IFII,NEUTRAL,HOLD,50,67,252,242.4,247.5,233.84,54.62,3.87,31.25,BULLISH,BULLISH,BEARISH,BULLISH,2026-02-05,Short-term BULLISH | Medium-term BULLISH | OBV BULLISH | OBV bullish | Below VWAP
BHAT,NEUTRAL,HOLD,50,50,1475,1521,1370.75,1393.2,67.57,51.63,47.83,SIDEWAYS,BULLISH,BEARISH,NEUTRAL,2026-02-05,Medium-term BULLISH | OBV BEARISH | MACD bullish | OBV bearish
TAPG,NEUTRAL,HOLD,50,50,1515,1497,1505.25,1541,53.85,-10.9,66.04,BULLISH,SIDEWAYS,BEARISH,NEUTRAL,2026-02-05,Short-term BULLISH | OBV BEARISH | OBV bearish | Below VWAP
LUCY,NEUTRAL,HOLD,50,50,1090,1190,936.25,565.02,67.11,173.24,51,SIDEWAYS,BULLISH,BEARISH,NEUTRAL,2026-02-05,Medium-term BULLISH | OBV BEARISH | MACD bullish | OBV bearish
CMNT,NEUTRAL,HOLD,50,33,815,812,821,804.2,57.14,1.22,55,SIDEWAYS,SIDEWAYS,BEARISH,NEUTRAL,2026-02-05,OBV BULLISH | OBV bullish | Above VWAP
TLDN,NEUTRAL,HOLD,50,33,660,642,662.75,689.9,50,-13.2,72.73,BULLISH,BEARISH,BEARISH,NEUTRAL,2026-02-05,Short-term BULLISH | Medium-term BEARISH | OBV BULLISH | MACD bearish | OBV bullish
IBOS,NEUTRAL,HOLD,50,50,151,151,135.6,98.02,99.01,17.11,100,SIDEWAYS,BULLISH,BEARISH,NEUTRAL,2026-02-05,Medium-term BULLISH | Stochastic OVERBOUGHT (K=100) | OBV NEUTRAL | RSI overbought | Stochastic overbought
KDTN,NEUTRAL,HOLD,50,58,1230,1230,1215,868.56,50.76,98.47,27.68,BULLISH,BULLISH,BEARISH,BULLISH,2026-02-05,Short-term BULLISH | Medium-term BULLISH | OBV BEARISH | OBV bearish | Above VWAP
AMMN,NEUTRAL,HOLD,50,58,7350,7155,7575,7012,43.66,15.72,60.53,BULLISH,BULLISH,BEARISH,BULLISH,2026-02-05,Short-term BULLISH | Medium-term BULLISH | OBV BULLISH | OBV bullish | Below VWAP
ERAL,NEUTRAL,HOLD,50,67,390,358.4,347.4,322.96,73.02,11.86,100,BULLISH,BULLISH,BEARISH,BULLISH,2026-02-05,Short-term BULLISH | Medium-term BULLISH | Stochastic OVERBOUGHT (K=100) | OBV BULLISH | Bollinger OVERBOUGHT
EMAS,NEUTRAL,HOLD,50,58,6600,6460,6188.75,5265.6,58.45,378.25,60,BULLISH,BULLISH,BEARISH,BULLISH,2026-02-05,Short-term BULLISH | Medium-term BULLISH | OBV BEARISH | OBV bearish | Above VWAP
AMFG,NEUTRAL,HOLD,40,17,3510,3570,3647.5,3404,32.26,30.73,41.67,BEARISH,SIDEWAYS,BEARISH,BEARISH,2026-02-05,Short-term BEARISH | OBV BEARISH | Bollinger OVERSOLD | Price at lower BB | OBV bearish
ANTM,NEUTRAL,HOLD,40,17,3810,3950,4086.5,3482.4,44.59,149.55,14.71,BEARISH,SIDEWAYS,BEARISH,BEARISH,2026-02-05,Short-term BEARISH | Stochastic OVERSOLD (K=15) | OBV BEARISH | Stochastic oversold | OBV bearish
APLN,NEUTRAL,HOLD,40,25,140,136.8,158.8,125.9,23.47,3.1,25,BEARISH,SIDEWAYS,BEARISH,BEARISH,2026-02-05,Short-term BEARISH | OBV BULLISH | RSI oversold | OBV bullish
ARNA,NEUTRAL,HOLD,40,67,535,524,528.5,531.9,53.85,-1.82,83.61,BULLISH,BULLISH,BEARISH,BULLISH,2026-02-05,Short-term BULLISH | Medium-term BULLISH | Stochastic OVERBOUGHT (K=84) | OBV BULLISH | Stochastic overbought
ARTO,NEUTRAL,HOLD,40,17,1700,1656,1827.75,1947.3,28.42,-90.3,42.55,SIDEWAYS,BEARISH,BEARISH,BEARISH,2026-02-05,Medium-term BEARISH | OBV BULLISH | RSI oversold | MACD bearish
BBCA,NEUTRAL,HOLD,40,50,7800,7650,7755,8019,42.86,-126.73,81.43,BULLISH,SIDEWAYS,BEARISH,NEUTRAL,2026-02-05,Short-term BULLISH | Stochastic OVERBOUGHT (K=81) | OBV BULLISH | Stochastic overbought | OBV bullish
BBRM,NEUTRAL,HOLD,40,25,197,196.2,222.3,177,41.59,1.5,23.68,BEARISH,SIDEWAYS,BEARISH,BEARISH,2026-02-05,Short-term BEARISH | OBV BEARISH | OBV bearish | Above VWAP
BCIC,NEUTRAL,HOLD,40,8,151,150.8,183.45,168.94,10.96,-6.79,19.23,BEARISH,BEARISH,BEARISH,STRONG_BEARISH,2026-02-05,Short-term BEARISH | Medium-term BEARISH | Stochastic OVERSOLD (K=19) | OBV BULLISH | RSI oversold
BIPI,NEUTRAL,HOLD,40,8,141,160,192.75,134.92,33.15,5.76,13.16,BEARISH,BEARISH,BEARISH,STRONG_BEARISH,2026-02-05,Short-term BEARISH | Medium-term BEARISH | Stochastic OVERSOLD (K=13) | OBV BEARISH | Bollinger OVERSOLD
BISI,NEUTRAL,HOLD,40,67,900,880,887.25,882.3,52.17,-0.32,96.55,BULLISH,BULLISH,BEARISH,BULLISH,2026-02-05,Short-term BULLISH | Medium-term BULLISH | Stochastic OVERBOUGHT (K=97) | OBV BULLISH | MACD bearish
BNBR,NEUTRAL,HOLD,40,0,100,101.2,169.9,127.16,17.79,-12.11,8.33,BEARISH,BEARISH,BEARISH,STRONG_BEARISH,2026-02-05,Short-term BEARISH | Medium-term BEARISH | Stochastic OVERSOLD (K=8) | OBV BULLISH | RSI oversold
BRMS,NEUTRAL,HOLD,40,0,980,986,1166.5,1112.7,32.87,-42.54,30.17,BEARISH,BEARISH,BEARISH,STRONG_BEARISH,2026-02-05,Short-term BEARISH | Medium-term BEARISH | OBV BULLISH | MACD bearish | OBV bullish
BRPT,NEUTRAL,HOLD,40,8,2100,2042,2579,3096.2,29.61,-317.09,28.36,BEARISH,BEARISH,BEARISH,STRONG_BEARISH,2026-02-05,Short-term BEARISH | Medium-term BEARISH | OBV BULLISH | RSI oversold | MACD bearish
BUKK,NEUTRAL,HOLD,40,58,1650,1389,1502,1750.1,52.83,-79.83,94.12,BULLISH,BULLISH,BEARISH,BULLISH,2026-02-05,Short-term BULLISH | Medium-term BULLISH | Stochastic OVERBOUGHT (K=94) | OBV BULLISH | Stochastic overbought
BULL,NEUTRAL,HOLD,40,0,408,435.6,544.7,438,29.29,-8.43,15.29,BEARISH,BEARISH,BEARISH,STRONG_BEARISH,2026-02-05,Short-term BEARISH | Medium-term BEARISH | Stochastic OVERSOLD (K=15) | OBV BEARISH | RSI oversold
BUVA,NEUTRAL,HOLD,40,0,1020,1104,1576.25,1482,28.64,-111.86,8.45,BEARISH,BEARISH,BEARISH,STRONG_BEARISH,2026-02-05,Short-term BEARISH | Medium-term BEARISH | Stochastic OVERSOLD (K=8) | OBV BULLISH | RSI oversold
CPIN,NEUTRAL,HOLD,40,50,4520,4474,4453,4559.8,47.06,-28.85,93.06,BULLISH,SIDEWAYS,BEARISH,NEUTRAL,2026-02-05,Short-term BULLISH | Stochastic OVERBOUGHT (K=93) | OBV BULLISH | Stochastic overbought | OBV bullish
DEWA,NEUTRAL,HOLD,40,0,500,506,658,589.1,26.96,-35.75,24.69,BEARISH,BEARISH,BEARISH,STRONG_BEARISH,2026-02-05,Short-term BEARISH | Medium-term BEARISH | OBV BEARISH | RSI oversold | MACD bearish
DLTA,NEUTRAL,HOLD,40,8,1965,1964,2000.5,2020.1,27.03,-16.88,32,BEARISH,BEARISH,BEARISH,STRONG_BEARISH,2026-02-05,Short-term BEARISH | Medium-term BEARISH | OBV BULLISH | RSI oversold | MACD bearish
DNAR,NEUTRAL,HOLD,40,17,150,146.4,170.2,188.32,27.06,-11.43,34.85,SIDEWAYS,BEARISH,BEARISH,BEARISH,2026-02-05,Medium-term BEARISH | OBV BULLISH | RSI oversold | MACD bearish
DOID,NEUTRAL,HOLD,40,17,308,303.6,333.5,322,24.59,-6.57,29.79,SIDEWAYS,BEARISH,BEARISH,BEARISH,2026-02-05,Medium-term BEARISH | OBV BULLISH | RSI oversold | MACD bearish
DUTI,NEUTRAL,HOLD,40,0,4130,4134,4207.5,4228.6,45.71,-33.75,29.55,BEARISH,BEARISH,BEARISH,STRONG_BEARISH,2026-02-05,Short-term BEARISH | Medium-term BEARISH | OBV BULLISH | MACD bearish | OBV bullish
ELTY,NEUTRAL,HOLD,40,0,43,44.8,64.45,48.12,11.48,-2.69,4.35,BEARISH,BEARISH,BEARISH,STRONG_BEARISH,2026-02-05,Short-term BEARISH | Medium-term BEARISH | Stochastic OVERSOLD (K=4) | OBV BULLISH | RSI oversold
GWSA,NEUTRAL,HOLD,40,8,184,188.2,216.4,177.86,21.82,1.91,22.94,BEARISH,BEARISH,BEARISH,STRONG_BEARISH,2026-02-05,Short-term BEARISH | Medium-term BEARISH | OBV BEARISH | RSI oversold | OBV bearish
HEXA,NEUTRAL,HOLD,40,67,4430,4326,4352.5,4388.2,54.67,-15.22,83.33,BULLISH,BULLISH,BEARISH,BULLISH,2026-02-05,Short-term BULLISH | Medium-term BULLISH | Stochastic OVERBOUGHT (K=83) | OBV BULLISH | Stochastic overbought
JPFA,NEUTRAL,HOLD,40,0,2590,2684,2734.5,2671,45.67,0.17,30.91,BEARISH,BEARISH,BEARISH,STRONG_BEARISH,2026-02-05,Short-term BEARISH | Medium-term BEARISH | OBV BEARISH | OBV bearish | Above VWAP
JSPT,NEUTRAL,HOLD,40,0,2570,2602,2899.5,3165.2,20.95,-167.56,25.81,BEARISH,BEARISH,BEARISH,STRONG_BEARISH,2026-02-05,Short-term BEARISH | Medium-term BEARISH | OBV BULLISH | RSI oversold | MACD bearish
LPGI,NEUTRAL,HOLD,40,0,605,627,675.5,716.5,34.78,-26.26,18.75,BEARISH,BEARISH,BEARISH,STRONG_BEARISH,2026-02-05,Short-term BEARISH | Medium-term BEARISH | Stochastic OVERSOLD (K=19) | OBV BULLISH | Bollinger OVERSOLD
MBAP,NEUTRAL,HOLD,40,8,1630,1648,1681.25,1628.5,27.69,4.12,37.5,BEARISH,BEARISH,BEARISH,STRONG_BEARISH,2026-02-05,Short-term BEARISH | Medium-term BEARISH | OBV BEARISH | RSI oversold | OBV bearish
MEDC,NEUTRAL,HOLD,40,17,1430,1464,1488.5,1390.8,46.67,20.07,43.08,BEARISH,SIDEWAYS,BEARISH,BEARISH,2026-02-05,Short-term BEARISH | OBV BEARISH | OBV bearish | Above VWAP
MTLA,NEUTRAL,HOLD,40,17,600,603,624.5,543.38,35.48,10.96,63.33,BEARISH,SIDEWAYS,BEARISH,BEARISH,2026-02-05,Short-term BEARISH | OBV BEARISH | OBV bearish | Above VWAP
PADI,NEUTRAL,HOLD,40,0,100,125,173.8,146.4,0,-8.05,0,BEARISH,BEARISH,BEARISH,STRONG_BEARISH,2026-02-05,Short-term BEARISH | Medium-term BEARISH | Stochastic OVERSOLD (K=0) | OBV BEARISH | Bollinger OVERSOLD
PKPK,NEUTRAL,HOLD,40,25,2100,2236,2155.75,1528.3,54.46,208.82,37.93,BEARISH,BULLISH,BEARISH,BEARISH,2026-02-05,Short-term BEARISH | Medium-term BULLISH | OBV BEARISH | OBV bearish | Above VWAP
PTRO,NEUTRAL,HOLD,40,0,6125,6285,9668.75,10196,7.79,-1300.5,11.94,BEARISH,BEARISH,BEARISH,STRONG_BEARISH,2026-02-05,Short-term BEARISH | Medium-term BEARISH | Stochastic OVERSOLD (K=12) | OBV BULLISH | RSI oversold
RDTX,NEUTRAL,HOLD,40,17,14900,15510,15573.75,13673,48.26,519.54,21.57,BEARISH,SIDEWAYS,BEARISH,BEARISH,2026-02-05,Short-term BEARISH | OBV BULLISH | OBV bullish | Above VWAP
SGRO,NEUTRAL,HOLD,40,67,7850,7820,7747.5,7603.5,84.62,103.79,100,BULLISH,BULLISH,BEARISH,BULLISH,2026-02-05,Short-term BULLISH | Medium-term BULLISH | Stochastic OVERBOUGHT (K=100) | OBV BULLISH | RSI overbought
SIPD,NEUTRAL,HOLD,40,8,1230,1404,1526,1191.2,11.46,45.48,5.41,BEARISH,BEARISH,BEARISH,STRONG_BEARISH,2026-02-05,Short-term BEARISH | Medium-term BEARISH | Stochastic OVERSOLD (K=5) | OBV BEARISH | Bollinger OVERSOLD
SMMT,NEUTRAL,HOLD,40,8,1060,1056,1238.75,1372.8,19.32,-98.42,27.16,BEARISH,BEARISH,BEARISH,STRONG_BEARISH,2026-02-05,Short-term BEARISH | Medium-term BEARISH | OBV BULLISH | RSI oversold | MACD bearish
SOCI,NEUTRAL,HOLD,40,0,428,446,580.8,451.64,19.96,-15.75,21.08,BEARISH,BEARISH,BEARISH,STRONG_BEARISH,2026-02-05,Short-term BEARISH | Medium-term BEARISH | OBV BULLISH | RSI oversold | MACD bearish
SONA,NEUTRAL,HOLD,40,67,2420,2191,2285.75,2273.9,50.71,-24.07,90.79,BULLISH,BULLISH,BEARISH,BULLISH,2026-02-05,Short-term BULLISH | Medium-term BULLISH | Stochastic OVERBOUGHT (K=91) | OBV BULLISH | Stochastic overbought
SRAJ,NEUTRAL,HOLD,40,8,16000,16010,16327.5,16364,8.33,-47.52,53.33,BEARISH,BEARISH,BEARISH,STRONG_BEARISH,2026-02-05,Short-term BEARISH | Medium-term BEARISH | OBV BEARISH | RSI oversold | MACD bearish
SRTG,NEUTRAL,HOLD,40,25,1695,1675,1776.75,1638.8,42.6,15.89,31,BEARISH,SIDEWAYS,BEARISH,BEARISH,2026-02-05,Short-term BEARISH | OBV BULLISH | OBV bullish | Below VWAP
SSMS,NEUTRAL,HOLD,40,17,1615,1637,1616,1603.5,54.97,16.72,30.51,BEARISH,SIDEWAYS,BEARISH,BEARISH,2026-02-05,Short-term BEARISH | OBV BEARISH | OBV bearish | Above VWAP
TBMS,NEUTRAL,HOLD,40,17,1425,1442,1466.75,1379.5,42.11,15.23,43.18,BEARISH,SIDEWAYS,BEARISH,BEARISH,2026-02-05,Short-term BEARISH | OBV BEARISH | OBV bearish | Above VWAP
TKIM,NEUTRAL,HOLD,40,17,7200,6950,7697.5,7434,39.06,-141.11,38.96,SIDEWAYS,BEARISH,BEARISH,BEARISH,2026-02-05,Medium-term BEARISH | OBV BULLISH | MACD bearish | OBV bullish
TPIA,NEUTRAL,HOLD,40,67,7250,6595,6705,7007.5,57.62,-79.54,100,BULLISH,BULLISH,BEARISH,BULLISH,2026-02-05,Short-term BULLISH | Medium-term BULLISH | Stochastic OVERBOUGHT (K=100) | OBV BULLISH | Stochastic overbought
TRIM,NEUTRAL,HOLD,40,8,640,630,682.25,685.1,43.1,-11.61,42.86,BEARISH,BEARISH,BEARISH,STRONG_BEARISH,2026-02-05,Short-term BEARISH | Medium-term BEARISH | OBV BULLISH | MACD bearish | OBV bullish
TRST,NEUTRAL,HOLD,40,58,484,473.6,484.1,469.74,45.57,-0.18,84,BULLISH,BULLISH,BEARISH,BULLISH,2026-02-05,Short-term BULLISH | Medium-term BULLISH | Stochastic OVERBOUGHT (K=84) | OBV BEARISH | MACD bearish
TSPC,NEUTRAL,HOLD,40,67,2810,2738,2808.5,2799.4,44,-22.65,90.32,BULLISH,BULLISH,BEARISH,BULLISH,2026-02-05,Short-term BULLISH | Medium-term BULLISH | Stochastic OVERBOUGHT (K=90) | OBV BULLISH | MACD bearish
UNIC,NEUTRAL,HOLD,40,17,9275,9320,9406.25,9184.5,46.67,51.87,33.33,BEARISH,SIDEWAYS,BEARISH,BEARISH,2026-02-05,Short-term BEARISH | OBV BULLISH | OBV bullish | Above VWAP
CASA,NEUTRAL,HOLD,40,0,1420,1445,1546.5,1547.3,23.53,-29.77,36.84,BEARISH,BEARISH,BEARISH,STRONG_BEARISH,2026-02-05,Short-term BEARISH | Medium-term BEARISH | OBV BEARISH | RSI oversold | MACD bearish
OASA,NEUTRAL,HOLD,40,25,386,384.8,417.1,315.68,49.53,20.13,21.54,BEARISH,SIDEWAYS,BEARISH,BEARISH,2026-02-05,Short-term BEARISH | OBV BEARISH | OBV bearish | Above VWAP
POWR,NEUTRAL,HOLD,40,0,695,699,707.75,705.3,28.57,-2.11,16.67,BEARISH,BEARISH,BEARISH,STRONG_BEARISH,2026-02-05,Short-term BEARISH | Medium-term BEARISH | Stochastic OVERSOLD (K=17) | OBV BEARISH | Bollinger OVERSOLD
KMTR,NEUTRAL,HOLD,40,67,280,274,278.4,277.68,44.44,-1.27,85.71,BULLISH,BULLISH,BEARISH,BULLISH,2026-02-05,Short-term BULLISH | Medium-term BULLISH | Stochastic OVERBOUGHT (K=86) | OBV BULLISH | MACD bearish
HRTA,NEUTRAL,HOLD,40,17,2120,2134,2385,1993.9,37.18,30.43,29.19,BEARISH,SIDEWAYS,BEARISH,BEARISH,2026-02-05,Short-term BEARISH | OBV BULLISH | OBV bullish | Above VWAP
MORA,NEUTRAL,HOLD,40,0,6125,8675,12550,10860.5,21.65,-712.52,0,BEARISH,BEARISH,BEARISH,STRONG_BEARISH,2026-02-05,Short-term BEARISH | Medium-term BEARISH | Stochastic OVERSOLD (K=0) | OBV BEARISH | Bollinger OVERSOLD
IPCC,NEUTRAL,HOLD,40,58,1330,1308,1308,1349.2,55.56,-9.38,85.71,BULLISH,BULLISH,BEARISH,BULLISH,2026-02-05,Short-term BULLISH | Medium-term BULLISH | Stochastic OVERBOUGHT (K=86) | OBV BEARISH | Stochastic overbought
FILM,NEUTRAL,HOLD,40,0,7600,10770,13567.5,11700,0,-484.84,0,BEARISH,BEARISH,BEARISH,STRONG_BEARISH,2026-02-05,Short-term BEARISH | Medium-term BEARISH | Stochastic OVERSOLD (K=0) | OBV BEARISH | Bollinger OVERSOLD
CITY,NEUTRAL,HOLD,40,0,218,220,278.1,311.28,26.09,-31.84,24.68,BEARISH,BEARISH,BEARISH,STRONG_BEARISH,2026-02-05,Short-term BEARISH | Medium-term BEARISH | OBV BULLISH | RSI oversold | MACD bearish
MPRO,NEUTRAL,HOLD,40,17,11025,11015,11330,11307,12,-39.23,74.03,BEARISH,BEARISH,BEARISH,BEARISH,2026-02-05,Short-term BEARISH | Medium-term BEARISH | OBV BULLISH | RSI oversold | MACD bearish
SOTS,NEUTRAL,HOLD,40,17,2700,3354,4172,2198.04,0,341.63,0,BEARISH,SIDEWAYS,BEARISH,BEARISH,2026-02-05,Short-term BEARISH | Stochastic OVERSOLD (K=0) | OBV BEARISH | RSI oversold | Stochastic oversold
BEEF,NEUTRAL,HOLD,40,17,314,286.8,372.3,467.02,28.33,-51.31,34.74,SIDEWAYS,BEARISH,BEARISH,BEARISH,2026-02-05,Medium-term BEARISH | OBV BULLISH | RSI oversold | MACD bearish
SFAN,NEUTRAL,HOLD,40,17,1935,1934,1938,1940.2,50,-1.52,20,SIDEWAYS,BEARISH,BEARISH,BEARISH,2026-02-05,Medium-term BEARISH | Stochastic OVERSOLD (K=20) | OBV BULLISH | MACD bearish | Stochastic oversold
POLU,NEUTRAL,HOLD,40,17,20975,20650,23385,21777,34.71,-428.98,23.87,SIDEWAYS,BEARISH,BEARISH,BEARISH,2026-02-05,Medium-term BEARISH | OBV BULLISH | MACD bearish | OBV bullish
IPTV,NEUTRAL,HOLD,40,0,47,47.6,53.95,48.76,25,-0.91,12.5,BEARISH,BEARISH,BEARISH,STRONG_BEARISH,2026-02-05,Short-term BEARISH | Medium-term BEARISH | Stochastic OVERSOLD (K=12) | OBV BULLISH | RSI oversold
BLUE,NEUTRAL,HOLD,40,67,6475,5840,5042.75,3906.5,70.7,688.11,91.91,BULLISH,BULLISH,BEARISH,BULLISH,2026-02-05,Short-term BULLISH | Medium-term BULLISH | Stochastic OVERBOUGHT (K=92) | OBV BEARISH | RSI overbought
SINI,NEUTRAL,HOLD,40,17,14025,17060,17217.5,13287.5,25,1094.15,0,BEARISH,SIDEWAYS,BEARISH,BEARISH,2026-02-05,Short-term BEARISH | Stochastic OVERSOLD (K=0) | OBV BEARISH | RSI oversold | Stochastic oversold
KEJU,NEUTRAL,HOLD,40,0,595,605,606.5,639.8,45.65,-11.33,64.29,BEARISH,BEARISH,BEARISH,STRONG_BEARISH,2026-02-05,Short-term BEARISH | Medium-term BEARISH | OBV BULLISH | OBV bullish | Below VWAP
IFSH,NEUTRAL,HOLD,40,0,1125,1400,1840,1229.7,0,47.04,0,BEARISH,BEARISH,BEARISH,STRONG_BEARISH,2026-02-05,Short-term BEARISH | Medium-term BEARISH | Stochastic OVERSOLD (K=0) | OBV BEARISH | Bollinger OVERSOLD
TRIN,NEUTRAL,HOLD,40,0,1040,1071,1337.75,1138.8,21.78,-44.88,22.36,BEARISH,BEARISH,BEARISH,STRONG_BEARISH,2026-02-05,Short-term BEARISH | Medium-term BEARISH | OBV BULLISH | RSI oversold | MACD bearish
DMND,NEUTRAL,HOLD,40,17,765,773,781.75,717.6,42.31,13,32.14,BEARISH,SIDEWAYS,BEARISH,BEARISH,2026-02-05,Short-term BEARISH | OBV BEARISH | OBV bearish | Above VWAP
SAMF,NEUTRAL,HOLD,40,25,318,317.6,320.5,315.96,53.57,0.83,31.43,BEARISH,SIDEWAYS,BEARISH,BEARISH,2026-02-05,Short-term BEARISH | OBV BULLISH | OBV bullish | Below VWAP
SGER,NEUTRAL,HOLD,40,0,452,465.6,535.3,466.48,40.39,1.37,13.89,BEARISH,BEARISH,BEARISH,STRONG_BEARISH,2026-02-05,Short-term BEARISH | Medium-term BEARISH | Stochastic OVERSOLD (K=14) | OBV BEARISH | Stochastic oversold
BBSI,NEUTRAL,HOLD,40,58,4000,4012,3928.5,3940,56.73,14.76,92.86,BULLISH,BULLISH,BEARISH,BULLISH,2026-02-05,Short-term BULLISH | Medium-term BULLISH | Stochastic OVERBOUGHT (K=93) | OBV BEARISH | MACD bullish
ROCK,NEUTRAL,HOLD,40,17,1975,2399,2298.25,1710.38,42.69,212.63,0,BEARISH,SIDEWAYS,BEARISH,BEARISH,2026-02-05,Short-term BEARISH | Stochastic OVERSOLD (K=0) | OBV BEARISH | Stochastic oversold | OBV bearish
MGLV,NEUTRAL,HOLD,40,0,1940,2065,2468.25,2021.3,35.84,-0.4,4.76,BEARISH,BEARISH,BEARISH,STRONG_BEARISH,2026-02-05,Short-term BEARISH | Medium-term BEARISH | Stochastic OVERSOLD (K=5) | OBV BULLISH | MACD bearish
ARCI,NEUTRAL,HOLD,40,8,1635,1672,1838.75,1616.9,38.63,17.04,25.38,BEARISH,BEARISH,BEARISH,STRONG_BEARISH,2026-02-05,Short-term BEARISH | Medium-term BEARISH | OBV BULLISH | OBV bullish | Above VWAP
NICL,NEUTRAL,HOLD,40,0,1095,1112,1458.5,1274,23.56,-70.16,16.67,BEARISH,BEARISH,BEARISH,STRONG_BEARISH,2026-02-05,Short-term BEARISH | Medium-term BEARISH | Stochastic OVERSOLD (K=17) | OBV BULLISH | RSI oversold
BUKA,NEUTRAL,HOLD,40,0,141,141.2,153.2,159.66,29.27,-5.62,35.29,BEARISH,BEARISH,BEARISH,STRONG_BEARISH,2026-02-05,Short-term BEARISH | Medium-term BEARISH | OBV BULLISH | RSI oversold | MACD bearish
RMKE,NEUTRAL,HOLD,40,0,4370,4799,6826,5449.3,20.77,-240.58,2.29,BEARISH,BEARISH,BEARISH,STRONG_BEARISH,2026-02-05,Short-term BEARISH | Medium-term BEARISH | Stochastic OVERSOLD (K=2) | OBV BEARISH | RSI oversold
ADMR,NEUTRAL,HOLD,40,17,1800,1890,1997,1647.6,42.31,73.19,11.11,BEARISH,SIDEWAYS,BEARISH,BEARISH,2026-02-05,Short-term BEARISH | Stochastic OVERSOLD (K=11) | OBV BEARISH | Stochastic oversold | OBV bearish
ARKO,NEUTRAL,HOLD,40,8,7200,7820,10041.25,7096.7,30.91,191.7,12.12,BEARISH,BEARISH,BEARISH,STRONG_BEARISH,2026-02-05,Short-term BEARISH | Medium-term BEARISH | Stochastic OVERSOLD (K=12) | OBV BULLISH | Bollinger OVERSOLD
HATM,NEUTRAL,HOLD,40,0,326,330,354.2,383.32,26.67,-16.34,46.34,BEARISH,BEARISH,BEARISH,STRONG_BEARISH,2026-02-05,Short-term BEARISH | Medium-term BEARISH | OBV BULLISH | RSI oversold | MACD bearish
ELPI,NEUTRAL,HOLD,40,58,1370,1382,1037.75,850.6,78.75,154.53,93.97,BULLISH,BULLISH,BEARISH,BULLISH,2026-02-05,Short-term BULLISH | Medium-term BULLISH | Stochastic OVERBOUGHT (K=94) | OBV BEARISH | RSI overbought
CBUT,NEUTRAL,HOLD,40,0,1015,1026,1057,1171.4,34.43,-36.46,49.12,BEARISH,BEARISH,BEARISH,STRONG_BEARISH,2026-02-05,Short-term BEARISH | Medium-term BEARISH | OBV BULLISH | OBV bullish | Below VWAP
NSSS,NEUTRAL,HOLD,40,0,930,1148,1433.25,990.9,42.66,58.83,2.72,BEARISH,BEARISH,BEARISH,STRONG_BEARISH,2026-02-05,Short-term BEARISH | Medium-term BEARISH | Stochastic OVERSOLD (K=3) | OBV BEARISH | Stochastic oversold
CYBR,NEUTRAL,HOLD,40,17,1620,1673,1729.25,1584.3,43.32,19.56,27.37,BEARISH,SIDEWAYS,BEARISH,BEARISH,2026-02-05,Short-term BEARISH | OBV BEARISH | OBV bearish | Above VWAP
HUMI,NEUTRAL,HOLD,40,8,224,215,296.75,246.78,28.71,-13.67,29.96,BEARISH,BEARISH,BEARISH,STRONG_BEARISH,2026-02-05,Short-term BEARISH | Medium-term BEARISH | OBV BEARISH | RSI oversold | MACD bearish
UDNG,NEUTRAL,HOLD,40,0,2270,2570,3445,3899.4,25.45,-409.76,0.87,BEARISH,BEARISH,BEARISH,STRONG_BEARISH,2026-02-05,Short-term BEARISH | Medium-term BEARISH | Stochastic OVERSOLD (K=1) | OBV BEARISH | Bollinger OVERSOLD
AYAM,NEUTRAL,HOLD,40,8,404,417.2,442.3,409.28,44.14,0.23,22.22,BEARISH,BEARISH,BEARISH,STRONG_BEARISH,2026-02-05,Short-term BEARISH | Medium-term BEARISH | OBV BEARISH | OBV bearish | Above VWAP
ASLI,NEUTRAL,HOLD,40,0,430,461.6,576.15,514.16,20.93,-21.33,15.15,BEARISH,BEARISH,BEARISH,STRONG_BEARISH,2026-02-05,Short-term BEARISH | Medium-term BEARISH | Stochastic OVERSOLD (K=15) | OBV BEARISH | RSI oversold
MKAP,NEUTRAL,HOLD,40,17,700,771,767.7,514.88,54.29,81.37,23.64,BEARISH,SIDEWAYS,BEARISH,BEARISH,2026-02-05,Short-term BEARISH | OBV BEARISH | OBV bearish | Above VWAP
AREA,NEUTRAL,HOLD,40,0,402,412.4,470.95,519.08,29.15,-33.86,31.91,BEARISH,BEARISH,BEARISH,STRONG_BEARISH,2026-02-05,Short-term BEARISH | Medium-term BEARISH | OBV BULLISH | RSI oversold | MACD bearish
DATA,NEUTRAL,HOLD,40,0,3810,3932,4803.25,4497,16.57,-222.39,12.53,BEARISH,BEARISH,BEARISH,STRONG_BEARISH,2026-02-05,Short-term BEARISH | Medium-term BEARISH | Stochastic OVERSOLD (K=13) | OBV BEARISH | RSI oversold
NEST,NEUTRAL,HOLD,40,17,382,398.4,387.5,377.72,55.33,8.45,31.48,BEARISH,SIDEWAYS,BEARISH,BEARISH,2026-02-05,Short-term BEARISH | OBV BEARISH | OBV bearish | Above VWAP
DGWG,NEUTRAL,HOLD,40,50,376,359.6,367.8,377.32,46.55,-6.01,85.71,BULLISH,SIDEWAYS,BEARISH,NEUTRAL,2026-02-05,Short-term BULLISH | Stochastic OVERBOUGHT (K=86) | OBV BULLISH | Stochastic overbought | OBV bullish
PSAT,NEUTRAL,HOLD,40,0,1000,1002,1159.5,1245.4,26.53,-76.43,26.67,BEARISH,BEARISH,BEARISH,STRONG_BEARISH,2026-02-05,Short-term BEARISH | Medium-term BEARISH | OBV BULLISH | RSI oversold | MACD bearish
CDIA,NEUTRAL,HOLD,40,8,1115,1089,1378.75,1648,28.42,-166.08,28.67,BEARISH,BEARISH,BEARISH,STRONG_BEARISH,2026-02-05,Short-term BEARISH | Medium-term BEARISH | OBV BULLISH | RSI oversold | MACD bearish
SUPA,NEUTRAL,HOLD,40,17,930,898,1033.75,,28.72,-29.59,31.03,SIDEWAYS,BEARISH,BEARISH,BEARISH,2026-02-05,Medium-term BEARISH | OBV BULLISH | RSI oversold | OBV bullish
NCKL,NEUTRAL,HOLD,40,17,1310,1326,1383.25,1187.3,42.25,37.9,28.77,BEARISH,SIDEWAYS,BEARISH,BEARISH,2026-02-05,Short-term BEARISH | OBV BEARISH | OBV bearish | Above VWAP
MBMA,NEUTRAL,HOLD,40,8,650,653,724,626.8,30.56,8.11,33.33,BEARISH,BEARISH,BEARISH,STRONG_BEARISH,2026-02-05,Short-term BEARISH | Medium-term BEARISH | OBV BULLISH | OBV bullish | Above VWAP
ADRO,NEUTRAL,HOLD,40,17,2100,2156,2217,1997.8,40.58,47.88,37.74,BEARISH,SIDEWAYS,BEARISH,BEARISH,2026-02-05,Short-term BEARISH | OBV BEARISH | OBV bearish | Above VWAP
AKRA,NEUTRAL,HOLD,30,50,1285,1281,1279.75,1265.3,53.15,6.67,62.71,SIDEWAYS,BULLISH,BEARISH,NEUTRAL,2026-02-05,Medium-term BULLISH | OBV BEARISH | OBV bearish | Above VWAP
AMAG,NEUTRAL,HOLD,30,33,426,432.4,424.2,402.24,55.93,9.48,20.75,BEARISH,BULLISH,BEARISH,NEUTRAL,2026-02-05,Short-term BEARISH | Medium-term BULLISH | OBV BEARISH | OBV bearish | Above VWAP
AUTO,NEUTRAL,HOLD,30,50,2650,2590,2671,2671.2,45.95,-24.06,65.38,BULLISH,SIDEWAYS,BEARISH,NEUTRAL,2026-02-05,Short-term BULLISH | OBV BULLISH | MACD bearish | OBV bullish
BVIC,NEUTRAL,HOLD,30,42,129,128,134.75,124.04,38.18,0.15,50,BULLISH,SIDEWAYS,BEARISH,NEUTRAL,2026-02-05,Short-term BULLISH | OBV BEARISH | OBV bearish | Above VWAP
CTRA,NEUTRAL,HOLD,30,67,870,848,865.25,860.9,38.71,-5.12,59.32,BULLISH,BULLISH,BEARISH,BULLISH,2026-02-05,Short-term BULLISH | Medium-term BULLISH | OBV BULLISH | MACD bearish | OBV bullish
DKFT,NEUTRAL,HOLD,30,33,855,842,884.25,790.5,40.96,11.74,57.14,SIDEWAYS,SIDEWAYS,BEARISH,NEUTRAL,2026-02-05,OBV BEARISH | OBV bearish | Above VWAP
INCO,NEUTRAL,HOLD,30,33,6300,6295,6398.75,5156.3,49.26,301.97,46.38,BEARISH,BULLISH,BEARISH,NEUTRAL,2026-02-05,Short-term BEARISH | Medium-term BULLISH | OBV BEARISH | OBV bearish | Above VWAP
INKP,NEUTRAL,HOLD,30,33,9100,8865,9737.5,8900.5,39.41,3.7,40.35,SIDEWAYS,SIDEWAYS,BEARISH,NEUTRAL,2026-02-05,OBV BEARISH | OBV bearish | Above VWAP
ITMG,NEUTRAL,HOLD,30,42,22125,22010,22173.75,21988,47.06,8.31,65.33,BULLISH,SIDEWAYS,BEARISH,NEUTRAL,2026-02-05,Short-term BULLISH | OBV BULLISH | OBV bullish | Below VWAP
KRAS,NEUTRAL,HOLD,30,42,340,327.6,342.7,359.24,41.79,-8.52,75,BULLISH,BEARISH,BEARISH,NEUTRAL,2026-02-05,Short-term BULLISH | Medium-term BEARISH | OBV BULLISH | OBV bullish | Below VWAP
LPCK,NEUTRAL,HOLD,30,33,785,810,746.25,646.6,58.93,53.7,27.62,BEARISH,BULLISH,BEARISH,NEUTRAL,2026-02-05,Short-term BEARISH | Medium-term BULLISH | OBV BEARISH | OBV bearish | Above VWAP
MERK,NEUTRAL,HOLD,30,42,3210,3194,3258.5,3243.8,38.18,-22.02,75,BULLISH,BEARISH,BEARISH,NEUTRAL,2026-02-05,Short-term BULLISH | Medium-term BEARISH | OBV BULLISH | MACD bearish | OBV bullish
PANS,NEUTRAL,HOLD,30,42,1545,1539,1547.5,1505.4,41.67,11.54,59.38,SIDEWAYS,BULLISH,BEARISH,NEUTRAL,2026-02-05,Medium-term BULLISH | OBV BEARISH | OBV bearish | Above VWAP
PNIN,NEUTRAL,HOLD,30,67,815,798,811.75,814.3,43.33,-5.3,65.38,BULLISH,BULLISH,BEARISH,BULLISH,2026-02-05,Short-term BULLISH | Medium-term BULLISH | OBV BULLISH | MACD bearish | OBV bullish
SMAR,NEUTRAL,HOLD,30,42,5600,5660,5552.5,5138.1,50,147.77,50.25,BEARISH,BULLISH,BEARISH,NEUTRAL,2026-02-05,Short-term BEARISH | Medium-term BULLISH | OBV BEARISH | OBV bearish | Above VWAP
SMDR,NEUTRAL,HOLD,30,50,380,373.2,394.5,366.2,38.46,-2.05,65,BULLISH,SIDEWAYS,BEARISH,NEUTRAL,2026-02-05,Short-term BULLISH | OBV BULLISH | MACD bearish | OBV bullish
UNTR,NEUTRAL,HOLD,30,33,27400,26385,28406.25,28867.5,38.66,-930.38,50.93,BULLISH,BEARISH,BEARISH,NEUTRAL,2026-02-05,Short-term BULLISH | Medium-term BEARISH | OBV BULLISH | MACD bearish | OBV bullish
UNVR,NEUTRAL,HOLD,30,33,2210,2045,2260.75,2490.5,37.76,-140.25,67.53,BULLISH,BEARISH,BEARISH,NEUTRAL,2026-02-05,Short-term BULLISH | Medium-term BEARISH | OBV BULLISH | MACD bearish | OBV bullish
WINS,NEUTRAL,HOLD,30,33,515,519,513.75,488.16,54.29,7.74,59.82,BEARISH,BULLISH,BEARISH,NEUTRAL,2026-02-05,Short-term BEARISH | Medium-term BULLISH | OBV BEARISH | OBV bearish | Above VWAP
POLI,NEUTRAL,HOLD,30,33,1090,1114,1049,952.1,58.08,51.27,38.32,BEARISH,BULLISH,BEARISH,NEUTRAL,2026-02-05,Short-term BEARISH | Medium-term BULLISH | OBV BEARISH | OBV bearish | Above VWAP
GGRP,NEUTRAL,HOLD,30,50,308,301.2,322,297.32,30.43,-0.08,53.33,BULLISH,SIDEWAYS,BEARISH,NEUTRAL,2026-02-05,Short-term BULLISH | OBV BULLISH | MACD bearish | OBV bullish
UCID,NEUTRAL,HOLD,30,67,434,429.2,431.5,429.4,45.45,-0.29,72,BULLISH,BULLISH,BEARISH,BULLISH,2026-02-05,Short-term BULLISH | Medium-term BULLISH | OBV BULLISH | MACD bearish | OBV bullish
ADCP,NEUTRAL,HOLD,30,58,57,55,57.6,56.6,42.86,-0.57,63.64,BULLISH,BULLISH,BEARISH,BULLISH,2026-02-05,Short-term BULLISH | Medium-term BULLISH | OBV BULLISH | MACD bearish | OBV bullish
AVIA,NEUTRAL,HOLD,30,33,458,444.8,474.8,474.16,40,-9.2,55.17,BULLISH,BEARISH,BEARISH,NEUTRAL,2026-02-05,Short-term BULLISH | Medium-term BEARISH | OBV BULLISH | MACD bearish | OBV bullish
EURO,NEUTRAL,HOLD,30,33,635,653,632.05,428.58,47.06,69.07,28.57,BEARISH,BULLISH,BEARISH,NEUTRAL,2026-02-05,Short-term BEARISH | Medium-term BULLISH | OBV BEARISH | OBV bearish | Above VWAP
OMED,NEUTRAL,HOLD,30,33,214,210.2,224.05,212.68,40.7,-0.53,38.98,SIDEWAYS,SIDEWAYS,BEARISH,NEUTRAL,2026-02-05,OBV BULLISH | MACD bearish | OBV bullish
VKTR,NEUTRAL,HOLD,30,33,845,783,1011,837.28,42.91,-9.21,33.11,SIDEWAYS,SIDEWAYS,BEARISH,NEUTRAL,2026-02-05,OBV BULLISH | MACD bearish | OBV bullish
MDIY,NEUTRAL,HOLD,30,33,945,908,955.75,999.4,43.84,-26.52,73.33,BULLISH,BEARISH,BEARISH,NEUTRAL,2026-02-05,Short-term BULLISH | Medium-term BEARISH | OBV BULLISH | OBV bullish | Below VWAP
RLCO,NEUTRAL,HOLD,30,42,7500,7160,6973.5,,61.89,1489.88,51.02,BULLISH,SIDEWAYS,BEARISH,NEUTRAL,2026-02-05,Short-term BULLISH | OBV BEARISH | OBV bearish | Above VWAP
DCII,NEUTRAL,HOLD,30,50,219275,211160,215017.5,229954,51.07,-4828.02,79.51,BULLISH,SIDEWAYS,BEARISH,NEUTRAL,2026-02-05,Short-term BULLISH | OBV BULLISH | OBV bullish | Below VWAP
BBHI,SELL,SELL,80,42,1440,1428,1446.75,1467.3,45.6,-19.04,81.33,BULLISH,BEARISH,BEARISH,NEUTRAL,2026-02-05,Short-term BULLISH | Medium-term BEARISH | Stochastic OVERBOUGHT (K=81) | OBV BEARISH | MACD bearish
ARGO,SELL,SELL,70,0,1045,1062,1187.75,1082.7,44.44,-3.54,13.33,BEARISH,BEARISH,BEARISH,STRONG_BEARISH,2026-02-05,Short-term BEARISH | Medium-term BEARISH | Stochastic OVERSOLD (K=13) | OBV BEARISH | MACD bearish
BIRD,SELL,SELL,70,42,1705,1683,1712.25,1721,42.55,-12.49,76.92,BULLISH,BEARISH,BEARISH,NEUTRAL,2026-02-05,Short-term BULLISH | Medium-term BEARISH | OBV BEARISH | MACD bearish | OBV bearish
DNET,SELL,SELL,70,42,8975,8975,8978.75,8967.5,44,-5.28,87.5,BULLISH,SIDEWAYS,BEARISH,NEUTRAL,2026-02-05,Short-term BULLISH | Stochastic OVERBOUGHT (K=88) | OBV NEUTRAL | MACD bearish | Stochastic overbought
DSSA,SELL,SELL,70,0,88000,90820,101921.25,104441.5,35.06,-3724.92,12.98,BEARISH,BEARISH,BEARISH,STRONG_BEARISH,2026-02-05,Short-term BEARISH | Medium-term BEARISH | Stochastic OVERSOLD (K=13) | OBV BEARISH | MACD bearish
EXCL,SELL,SELL,70,0,2920,3072,3845.5,3585.6,31.65,-171.3,5.23,BEARISH,BEARISH,BEARISH,STRONG_BEARISH,2026-02-05,Short-term BEARISH | Medium-term BEARISH | Stochastic OVERSOLD (K=5) | OBV BEARISH | MACD bearish
FAST,SELL,SELL,70,0,440,454.4,560.1,566.76,31.53,-37.53,13.58,BEARISH,BEARISH,BEARISH,STRONG_BEARISH,2026-02-05,Short-term BEARISH | Medium-term BEARISH | Stochastic OVERSOLD (K=14) | OBV BEARISH | MACD bearish
GMTD,SELL,SELL,70,0,2130,2232,2477.5,2535.8,36.75,-120.41,1.14,BEARISH,BEARISH,BEARISH,STRONG_BEARISH,2026-02-05,Short-term BEARISH | Medium-term BEARISH | Stochastic OVERSOLD (K=1) | OBV BEARISH | MACD bearish
MLBI,SELL,SELL,70,33,5600,5575,5630,5656,38.46,-26.24,72.73,BULLISH,BEARISH,BEARISH,NEUTRAL,2026-02-05,Short-term BULLISH | Medium-term BEARISH | OBV BEARISH | MACD bearish | OBV bearish
NRCA,SELL,SELL,70,0,795,805,1069.75,1450.4,31.43,-182.84,18.18,BEARISH,BEARISH,BEARISH,STRONG_BEARISH,2026-02-05,Short-term BEARISH | Medium-term BEARISH | Stochastic OVERSOLD (K=18) | OBV BEARISH | MACD bearish
PALM,SELL,SELL,70,0,372,372.8,399.6,388.96,42.22,-3.9,13.89,BEARISH,BEARISH,BEARISH,STRONG_BEARISH,2026-02-05,Short-term BEARISH | Medium-term BEARISH | Stochastic OVERSOLD (K=14) | OBV BEARISH | MACD bearish
PSKT,SELL,SELL,70,0,222,239.2,302.5,299.9,37.62,-16.62,11.48,BEARISH,BEARISH,BEARISH,STRONG_BEARISH,2026-02-05,Short-term BEARISH | Medium-term BEARISH | Stochastic OVERSOLD (K=11) | OBV BEARISH | MACD bearish
PYFA,SELL,SELL,70,33,416,405.6,440.6,493.78,41.13,-26.64,53.09,BULLISH,BEARISH,BEARISH,NEUTRAL,2026-02-05,Short-term BULLISH | Medium-term BEARISH | OBV BEARISH | MACD bearish | OBV bearish
SMBR,SELL,SELL,70,33,276,266.8,284.7,287.28,35.71,-6.38,61.11,BULLISH,BEARISH,BEARISH,NEUTRAL,2026-02-05,Short-term BULLISH | Medium-term BEARISH | OBV BEARISH | MACD bearish | OBV bearish
WSBP,SELL,SELL,70,0,22,22.2,24.55,23.64,31.58,-0.68,20,BEARISH,BEARISH,BEARISH,STRONG_BEARISH,2026-02-05,Short-term BEARISH | Medium-term BEARISH | Stochastic OVERSOLD (K=20) | OBV BEARISH | MACD bearish
PBSA,SELL,SELL,70,0,1495,1535,2049.25,1721.5,34.59,-43.84,13.45,BEARISH,BEARISH,BEARISH,STRONG_BEARISH,2026-02-05,Short-term BEARISH | Medium-term BEARISH | Stochastic OVERSOLD (K=13) | OBV BEARISH | MACD bearish
GMFI,SELL,SELL,70,33,69,65.2,72.2,76.02,40,-3.48,61.11,BULLISH,BEARISH,BEARISH,NEUTRAL,2026-02-05,Short-term BULLISH | Medium-term BEARISH | OBV BEARISH | MACD bearish | OBV bearish
PANI,SELL,SELL,70,8,8800,8765,10752.5,12219,31.4,-1031.93,19.64,BEARISH,BEARISH,BEARISH,STRONG_BEARISH,2026-02-05,Short-term BEARISH | Medium-term BEARISH | Stochastic OVERSOLD (K=20) | OBV BEARISH | MACD bearish
KEEN,SELL,SELL,70,0,1030,1041,1080,1077.8,50.63,-4.69,18.58,BEARISH,BEARISH,BEARISH,STRONG_BEARISH,2026-02-05,Short-term BEARISH | Medium-term BEARISH | Stochastic OVERSOLD (K=19) | OBV BEARISH | MACD bearish
PMJS,SELL,SELL,70,42,117,116,118.35,116.28,44.44,-0.18,68.18,BULLISH,BEARISH,BEARISH,NEUTRAL,2026-02-05,Short-term BULLISH | Medium-term BEARISH | OBV BEARISH | MACD bearish | OBV bearish
INDO,SELL,SELL,70,0,256,270,392.45,357.02,32.84,-22.55,7.32,BEARISH,BEARISH,BEARISH,STRONG_BEARISH,2026-02-05,Short-term BEARISH | Medium-term BEARISH | Stochastic OVERSOLD (K=7) | OBV BEARISH | MACD bearish
UANG,SELL,SELL,70,0,3670,3880,4946.5,4946.7,42.97,-231.11,14.7,BEARISH,BEARISH,BEARISH,STRONG_BEARISH,2026-02-05,Short-term BEARISH | Medium-term BEARISH | Stochastic OVERSOLD (K=15) | OBV BEARISH | MACD bearish
MASB,SELL,SELL,70,0,3150,3192,3316,3274.6,37.37,-42.54,10.71,BEARISH,BEARISH,BEARISH,STRONG_BEARISH,2026-02-05,Short-term BEARISH | Medium-term BEARISH | Stochastic OVERSOLD (K=11) | OBV BEARISH | MACD bearish
JARR,SELL,SELL,70,0,2350,2424,2885.5,3125,31.18,-228.84,15.92,BEARISH,BEARISH,BEARISH,STRONG_BEARISH,2026-02-05,Short-term BEARISH | Medium-term BEARISH | Stochastic OVERSOLD (K=16) | OBV BEARISH | MACD bearish
CBRE,SELL,SELL,70,0,780,825,904.25,1003.9,34.62,-58.25,19.35,BEARISH,BEARISH,BEARISH,STRONG_BEARISH,2026-02-05,Short-term BEARISH | Medium-term BEARISH | Stochastic OVERSOLD (K=19) | OBV BEARISH | MACD bearish
SMIL,SELL,SELL,70,0,288,332,336,374.34,30.14,-13.37,29.51,BEARISH,BEARISH,BEARISH,STRONG_BEARISH,2026-02-05,Short-term BEARISH | Medium-term BEARISH | OBV BEARISH | Bollinger OVERSOLD | MACD bearish
MSTI,SELL,SELL,70,0,1355,1357,1397,1416.5,39.58,-20.42,18.52,BEARISH,BEARISH,BEARISH,STRONG_BEARISH,2026-02-05,Short-term BEARISH | Medium-term BEARISH | Stochastic OVERSOLD (K=19) | OBV BEARISH | MACD bearish
BESS,SELL,SELL,70,0,1500,1542,1614.25,1646.7,46.41,-19.41,15.97,BEARISH,BEARISH,BEARISH,STRONG_BEARISH,2026-02-05,Short-term BEARISH | Medium-term BEARISH | Stochastic OVERSOLD (K=16) | OBV BEARISH | MACD bearish
RAAM,SELL,SELL,70,0,222,223.6,249.7,243.96,41.56,-6.61,19.57,BEARISH,BEARISH,BEARISH,STRONG_BEARISH,2026-02-05,Short-term BEARISH | Medium-term BEARISH | Stochastic OVERSOLD (K=20) | OBV BEARISH | MACD bearish
ADMF,SELL,SELL,70,33,8425,8240,8510,8548,38,-89.14,61.76,BULLISH,BEARISH,BEARISH,NEUTRAL,2026-02-05,Short-term BULLISH | Medium-term BEARISH | OBV BEARISH | MACD bearish | OBV bearish
ABMM,SELL,SELL,60,0,2810,2818,2905,2873.4,27.08,-17.09,45.65,BEARISH,BEARISH,BEARISH,STRONG_BEARISH,2026-02-05,Short-term BEARISH | Medium-term BEARISH | OBV BEARISH | RSI oversold | MACD bearish
ACST,SELL,SELL,60,17,131,127.2,144.2,139.58,21.88,-3.98,27.78,SIDEWAYS,BEARISH,BEARISH,BEARISH,2026-02-05,Medium-term BEARISH | OBV BEARISH | RSI oversold | MACD bearish
ADHI,SELL,SELL,60,25,236,231.6,249.2,252.08,30.3,-7.83,59.38,BULLISH,BEARISH,BEARISH,BEARISH,2026-02-05,Short-term BULLISH | Medium-term BEARISH | OBV BULLISH | MACD bearish | OBV bullish
BACA,SELL,SELL,60,0,169,169,192.1,182.18,21.52,-6.96,34.67,BEARISH,BEARISH,BEARISH,STRONG_BEARISH,2026-02-05,Short-term BEARISH | Medium-term BEARISH | OBV BEARISH | RSI oversold | MACD bearish
BBKP,SELL,SELL,60,0,74,74.2,83.2,79.04,16.67,-1.94,27.59,BEARISH,BEARISH,BEARISH,STRONG_BEARISH,2026-02-05,Short-term BEARISH | Medium-term BEARISH | OBV BEARISH | RSI oversold | MACD bearish
BBYB,SELL,SELL,60,8,384,382.4,440.65,455.4,18.13,-24.31,23.16,BEARISH,BEARISH,BEARISH,STRONG_BEARISH,2026-02-05,Short-term BEARISH | Medium-term BEARISH | OBV BEARISH | RSI oversold | MACD bearish
BCAP,SELL,SELL,60,0,54,54,59.8,57.9,22.22,-1.57,21.43,BEARISH,BEARISH,BEARISH,STRONG_BEARISH,2026-02-05,Short-term BEARISH | Medium-term BEARISH | OBV BEARISH | RSI oversold | MACD bearish
BEKS,SELL,SELL,60,25,31,31,32.35,30.76,35.29,-0.05,30.77,BEARISH,SIDEWAYS,BEARISH,BEARISH,2026-02-05,Short-term BEARISH | OBV BEARISH | MACD bearish | OBV bearish
BHIT,SELL,SELL,60,17,39,38.6,44.35,40.06,24.14,-0.95,31.25,SIDEWAYS,BEARISH,BEARISH,BEARISH,2026-02-05,Medium-term BEARISH | OBV BEARISH | RSI oversold | MACD bearish
BKSL,SELL,SELL,60,0,139,140,151.9,149.62,44.54,-1.53,40.3,BEARISH,BEARISH,BEARISH,STRONG_BEARISH,2026-02-05,Short-term BEARISH | Medium-term BEARISH | OBV BULLISH | MACD bearish | OBV bullish
BLTZ,SELL,SELL,60,0,2700,2700,2786,2879.8,35.09,-47.79,0,BEARISH,BEARISH,BEARISH,STRONG_BEARISH,2026-02-05,Short-term BEARISH | Medium-term BEARISH | Stochastic OVERSOLD (K=0) | OBV NEUTRAL | MACD bearish
BMAS,SELL,SELL,60,8,585,582,616.25,645.1,31.82,-19.65,45.45,BEARISH,BEARISH,BEARISH,STRONG_BEARISH,2026-02-05,Short-term BEARISH | Medium-term BEARISH | OBV BULLISH | MACD bearish | OBV bullish
BMTR,SELL,SELL,60,0,140,141,156.75,147.32,18.87,-2.89,22.73,BEARISH,BEARISH,BEARISH,STRONG_BEARISH,2026-02-05,Short-term BEARISH | Medium-term BEARISH | OBV BEARISH | RSI oversold | MACD bearish
BNLI,SELL,SELL,60,8,4140,4130,4773.25,4846.9,15.75,-240.31,20.55,BEARISH,BEARISH,BEARISH,STRONG_BEARISH,2026-02-05,Short-term BEARISH | Medium-term BEARISH | OBV BEARISH | RSI oversold | MACD bearish
BOLT,SELL,SELL,60,17,1025,1018,1031.25,1030.8,50,-3.49,35.71,SIDEWAYS,BEARISH,BEARISH,BEARISH,2026-02-05,Medium-term BEARISH | OBV BULLISH | MACD bearish | OBV bullish
BSSR,SELL,SELL,60,17,3900,3892,3912,3912.8,42.86,-9.87,64.71,SIDEWAYS,BEARISH,BEARISH,BEARISH,2026-02-05,Medium-term BEARISH | OBV BULLISH | MACD bearish | OBV bullish
BTPN,SELL,SELL,60,0,2100,2140,2140,2129,49.18,4.68,32.26,BEARISH,BEARISH,BEARISH,STRONG_BEARISH,2026-02-05,Short-term BEARISH | Medium-term BEARISH | OBV BEARISH | OBV bearish | Below VWAP
BYAN,SELL,SELL,60,0,14925,15200,16482.5,16802.5,5.05,-504.8,20.83,BEARISH,BEARISH,BEARISH,STRONG_BEARISH,2026-02-05,Short-term BEARISH | Medium-term BEARISH | OBV BEARISH | RSI oversold | MACD bearish
CASS,SELL,SELL,60,0,2340,2410,2348,2576.4,51.52,-45.18,46.15,BEARISH,BEARISH,BEARISH,STRONG_BEARISH,2026-02-05,Short-term BEARISH | Medium-term BEARISH | OBV BEARISH | OBV bearish | Below VWAP
CEKA,SELL,SELL,60,17,2360,2330,2407,2432.6,40,-27.94,30,SIDEWAYS,BEARISH,BEARISH,BEARISH,2026-02-05,Medium-term BEARISH | OBV BULLISH | MACD bearish | OBV bullish
CFIN,SELL,SELL,60,17,324,322.8,329.6,327.04,36.84,-1.38,70.83,SIDEWAYS,BEARISH,BEARISH,BEARISH,2026-02-05,Medium-term BEARISH | OBV BEARISH | MACD bearish | OBV bearish
CITA,SELL,SELL,60,0,4390,4412,4818.75,4503.3,29.18,-42.43,30.22,BEARISH,BEARISH,BEARISH,STRONG_BEARISH,2026-02-05,Short-term BEARISH | Medium-term BEARISH | OBV BEARISH | RSI oversold | MACD bearish
CMNP,SELL,SELL,60,17,1415,1379,1522.25,1464.5,26.58,-38.93,39.51,SIDEWAYS,BEARISH,BEARISH,BEARISH,2026-02-05,Medium-term BEARISH | OBV BEARISH | RSI oversold | MACD bearish
CPRO,SELL,SELL,60,8,65,64.4,70.05,66.56,31.82,-0.89,32,BEARISH,BEARISH,BEARISH,STRONG_BEARISH,2026-02-05,Short-term BEARISH | Medium-term BEARISH | OBV BULLISH | MACD bearish | OBV bullish
DVLA,SELL,SELL,60,0,1635,1647,1656.75,1656.3,40,-2.83,14.29,BEARISH,BEARISH,BEARISH,STRONG_BEARISH,2026-02-05,Short-term BEARISH | Medium-term BEARISH | Stochastic OVERSOLD (K=14) | OBV BEARISH | Bollinger OVERSOLD
EMTK,SELL,SELL,60,17,910,896,998.25,1147.5,39.71,-74.53,44.93,SIDEWAYS,BEARISH,BEARISH,BEARISH,2026-02-05,Medium-term BEARISH | OBV BULLISH | MACD bearish | OBV bullish
ENRG,SELL,SELL,60,0,1135,1172,1458.5,1391.9,33.61,-78.47,23.81,BEARISH,BEARISH,BEARISH,STRONG_BEARISH,2026-02-05,Short-term BEARISH | Medium-term BEARISH | OBV BEARISH | MACD bearish | OBV bearish
EPMT,SELL,SELL,60,17,2310,2306,2314.5,2318.6,50,-2.4,53.33,SIDEWAYS,BEARISH,BEARISH,BEARISH,2026-02-05,Medium-term BEARISH | OBV BEARISH | MACD bearish | OBV bearish
FMII,SELL,SELL,60,25,272,262.4,282.8,300.28,40.43,-10.89,43.59,BULLISH,BEARISH,BEARISH,BEARISH,2026-02-05,Short-term BULLISH | Medium-term BEARISH | OBV BULLISH | MACD bearish | OBV bullish
FPNI,SELL,SELL,60,8,555,541,718.75,913.9,16.22,-98.31,25.27,BEARISH,BEARISH,BEARISH,STRONG_BEARISH,2026-02-05,Short-term BEARISH | Medium-term BEARISH | OBV BEARISH | RSI oversold | MACD bearish
GDST,SELL,SELL,60,0,114,114.8,123.65,122.34,21.74,-2.75,34.78,BEARISH,BEARISH,BEARISH,STRONG_BEARISH,2026-02-05,Short-term BEARISH | Medium-term BEARISH | OBV BEARISH | RSI oversold | MACD bearish
GEMS,SELL,SELL,60,0,7750,7770,8085,8392.5,29.63,-181.58,53.57,BEARISH,BEARISH,BEARISH,STRONG_BEARISH,2026-02-05,Short-term BEARISH | Medium-term BEARISH | OBV BEARISH | RSI oversold | MACD bearish
GJTL,SELL,SELL,60,25,1070,1066,1097,1069.9,40,-3.56,61.54,SIDEWAYS,BEARISH,BEARISH,BEARISH,2026-02-05,Medium-term BEARISH | OBV BEARISH | MACD bearish | OBV bearish
HERO,SELL,SELL,60,0,430,435.2,457.9,465.08,43.61,-11,30.43,BEARISH,BEARISH,BEARISH,STRONG_BEARISH,2026-02-05,Short-term BEARISH | Medium-term BEARISH | OBV BULLISH | MACD bearish | OBV bullish
HRUM,SELL,SELL,60,17,1070,1048,1149,1079,31.82,-11.99,33.78,SIDEWAYS,BEARISH,BEARISH,BEARISH,2026-02-05,Medium-term BEARISH | OBV BULLISH | MACD bearish | OBV bullish
INDR,SELL,SELL,60,17,3110,3136,3173,2935,38.51,61,22.64,BEARISH,SIDEWAYS,BEARISH,BEARISH,2026-02-05,Short-term BEARISH | OBV BEARISH | OBV bearish | Below VWAP
JIHD,SELL,SELL,60,8,530,528,588.5,589.8,26.83,-21.56,35.9,BEARISH,BEARISH,BEARISH,STRONG_BEARISH,2026-02-05,Short-term BEARISH | Medium-term BEARISH | OBV BEARISH | RSI oversold | MACD bearish
KIJA,SELL,SELL,60,8,216,213,272.45,229.58,21.6,-7.51,27.56,BEARISH,BEARISH,BEARISH,STRONG_BEARISH,2026-02-05,Short-term BEARISH | Medium-term BEARISH | OBV BEARISH | RSI oversold | MACD bearish
KKGI,SELL,SELL,60,0,324,324,340.7,337.64,26.83,-5.15,50,BEARISH,BEARISH,BEARISH,STRONG_BEARISH,2026-02-05,Short-term BEARISH | Medium-term BEARISH | OBV BEARISH | RSI oversold | MACD bearish
LSIP,SELL,SELL,60,17,1170,1159,1185,1223.8,44.12,-16.69,70,SIDEWAYS,BEARISH,BEARISH,BEARISH,2026-02-05,Medium-term BEARISH | OBV BULLISH | MACD bearish | OBV bullish
MBSS,SELL,SELL,60,0,1820,1824,2410,2216.4,26.04,-188.28,21.77,BEARISH,BEARISH,BEARISH,STRONG_BEARISH,2026-02-05,Short-term BEARISH | Medium-term BEARISH | OBV BEARISH | RSI oversold | MACD bearish
MIKA,SELL,SELL,60,0,2360,2400,2394,2436.4,47.5,-13.97,60.87,BEARISH,BEARISH,BEARISH,STRONG_BEARISH,2026-02-05,Short-term BEARISH | Medium-term BEARISH | OBV BEARISH | OBV bearish | Below VWAP
MITI,SELL,SELL,60,8,328,325.2,384.9,358.4,28.7,-15.1,33.77,BEARISH,BEARISH,BEARISH,STRONG_BEARISH,2026-02-05,Short-term BEARISH | Medium-term BEARISH | OBV BEARISH | RSI oversold | MACD bearish
MKPI,SELL,SELL,60,42,23900,23740,23916.25,24074,47.78,-105.07,87.93,BULLISH,BEARISH,BEARISH,NEUTRAL,2026-02-05,Short-term BULLISH | Medium-term BEARISH | Stochastic OVERBOUGHT (K=88) | OBV BEARISH | Stochastic overbought
MMLP,SELL,SELL,60,8,498,496.4,530.65,548.62,22.31,-15.66,40,BEARISH,BEARISH,BEARISH,STRONG_BEARISH,2026-02-05,Short-term BEARISH | Medium-term BEARISH | OBV BEARISH | RSI oversold | MACD bearish
MNCN,SELL,SELL,60,0,242,243.2,267.4,264.84,18.42,-7.9,31.43,BEARISH,BEARISH,BEARISH,STRONG_BEARISH,2026-02-05,Short-term BEARISH | Medium-term BEARISH | OBV BEARISH | RSI oversold | MACD bearish
NIRO,SELL,SELL,60,0,226,227.2,292.5,309.48,28.57,-25.5,22.54,BEARISH,BEARISH,BEARISH,STRONG_BEARISH,2026-02-05,Short-term BEARISH | Medium-term BEARISH | OBV BEARISH | RSI oversold | MACD bearish
PNBN,SELL,SELL,60,17,1065,1057,1091.5,1100.4,38.78,-13.72,59.46,SIDEWAYS,BEARISH,BEARISH,BEARISH,2026-02-05,Medium-term BEARISH | OBV BULLISH | MACD bearish | OBV bullish
PNBS,SELL,SELL,60,0,53,53.4,56.4,55.64,20,-0.75,22.22,BEARISH,BEARISH,BEARISH,STRONG_BEARISH,2026-02-05,Short-term BEARISH | Medium-term BEARISH | OBV BEARISH | RSI oversold | MACD bearish
PSAB,SELL,SELL,60,0,494,507.4,590.35,569.04,29.85,-18.79,20.51,BEARISH,BEARISH,BEARISH,STRONG_BEARISH,2026-02-05,Short-term BEARISH | Medium-term BEARISH | OBV BEARISH | RSI oversold | MACD bearish
PWON,SELL,SELL,60,8,360,361.6,367.3,358.64,33.33,0.94,53.33,BEARISH,BEARISH,BEARISH,STRONG_BEARISH,2026-02-05,Short-term BEARISH | Medium-term BEARISH | OBV BEARISH | OBV bearish | Below VWAP
SMDM,SELL,SELL,60,0,680,683,783.5,843,27.27,-43.53,24.44,BEARISH,BEARISH,BEARISH,STRONG_BEARISH,2026-02-05,Short-term BEARISH | Medium-term BEARISH | OBV BEARISH | RSI oversold | MACD bearish
SSIA,SELL,SELL,60,0,1405,1427,1651.75,1718,23.95,-91.22,21.49,BEARISH,BEARISH,BEARISH,STRONG_BEARISH,2026-02-05,Short-term BEARISH | Medium-term BEARISH | OBV BEARISH | RSI oversold | MACD bearish
STTP,SELL,SELL,60,0,9700,9735,9842.5,9851,46.67,-45.99,52.94,BEARISH,BEARISH,BEARISH,STRONG_BEARISH,2026-02-05,Short-term BEARISH | Medium-term BEARISH | OBV BULLISH | MACD bearish | OBV bullish
TBIG,SELL,SELL,60,0,1765,1775,2047.5,2103.6,15.33,-123.57,28.39,BEARISH,BEARISH,BEARISH,STRONG_BEARISH,2026-02-05,Short-term BEARISH | Medium-term BEARISH | OBV BEARISH | RSI oversold | MACD bearish
TCID,SELL,SELL,60,8,3050,3120,3116.5,3048.2,52.97,23.95,28.99,BEARISH,BEARISH,BEARISH,STRONG_BEARISH,2026-02-05,Short-term BEARISH | Medium-term BEARISH | OBV BEARISH | OBV bearish | Below VWAP
TGKA,SELL,SELL,60,8,4930,4930,5000,4983.3,34.07,-24.59,24.62,BEARISH,BEARISH,BEARISH,STRONG_BEARISH,2026-02-05,Short-term BEARISH | Medium-term BEARISH | OBV BULLISH | MACD bearish | OBV bullish
TINS,SELL,SELL,60,8,3240,3194,3513,3353.6,30.67,-38.29,37.61,BEARISH,BEARISH,BEARISH,STRONG_BEARISH,2026-02-05,Short-term BEARISH | Medium-term BEARISH | OBV BEARISH | MACD bearish | OBV bearish
TMAS,SELL,SELL,60,8,135,134.6,152.5,143.58,23.44,-3.95,34.62,BEARISH,BEARISH,BEARISH,STRONG_BEARISH,2026-02-05,Short-term BEARISH | Medium-term BEARISH | OBV BEARISH | RSI oversold | MACD bearish
TOBA,SELL,SELL,60,8,685,675,786.5,795,35.16,-38.74,30.43,BEARISH,BEARISH,BEARISH,STRONG_BEARISH,2026-02-05,Short-term BEARISH | Medium-term BEARISH | OBV BULLISH | MACD bearish | OBV bullish
VICO,SELL,SELL,60,17,187,184.6,196.1,198.92,38.1,-4.78,32.61,SIDEWAYS,BEARISH,BEARISH,BEARISH,2026-02-05,Medium-term BEARISH | OBV BULLISH | MACD bearish | OBV bullish
SHIP,SELL,SELL,60,0,4000,4194,4456.5,4785.7,30.57,-181.72,14.29,BEARISH,BEARISH,BEARISH,STRONG_BEARISH,2026-02-05,Short-term BEARISH | Medium-term BEARISH | Stochastic OVERSOLD (K=14) | OBV BEARISH | Bollinger OVERSOLD
DAYA,SELL,SELL,60,17,1255,1240,1274.75,1309.5,47.78,-15.8,32.88,SIDEWAYS,BEARISH,BEARISH,BEARISH,2026-02-05,Medium-term BEARISH | OBV BULLISH | MACD bearish | OBV bullish
PSSI,SELL,SELL,60,17,354,352.4,363.4,358.96,43.9,-3.13,35,SIDEWAYS,BEARISH,BEARISH,BEARISH,2026-02-05,Medium-term BEARISH | OBV BULLISH | MACD bearish | OBV bullish
DWGL,SELL,SELL,60,0,242,252.8,295.2,314.32,28.41,-22.27,26.56,BEARISH,BEARISH,BEARISH,STRONG_BEARISH,2026-02-05,Short-term BEARISH | Medium-term BEARISH | OBV BEARISH | RSI oversold | MACD bearish
IPCM,SELL,SELL,60,17,336,335.6,341.7,345.68,33.33,-3.65,60,SIDEWAYS,BEARISH,BEARISH,BEARISH,2026-02-05,Medium-term BEARISH | OBV BEARISH | MACD bearish | OBV bearish
SPTO,SELL,SELL,60,50,645,640,642.5,647.2,50,-1.86,87.5,BULLISH,SIDEWAYS,BEARISH,NEUTRAL,2026-02-05,Short-term BULLISH | Stochastic OVERBOUGHT (K=88) | OBV BEARISH | Stochastic overbought | OBV bearish
SURE,SELL,SELL,60,0,2590,2718,2888.5,2750,40.99,-21.25,8.57,BEARISH,BEARISH,BEARISH,STRONG_BEARISH,2026-02-05,Short-term BEARISH | Medium-term BEARISH | Stochastic OVERSOLD (K=9) | OBV BEARISH | Bollinger OVERSOLD
SKRN,SELL,SELL,60,0,474,475.2,489.5,550.5,43.48,-21.81,45,BEARISH,BEARISH,BEARISH,STRONG_BEARISH,2026-02-05,Short-term BEARISH | Medium-term BEARISH | OBV BEARISH | OBV bearish | Below VWAP
LIFE,SELL,SELL,60,0,7625,7665,8373.75,8342,21.92,-241.15,36.05,BEARISH,BEARISH,BEARISH,STRONG_BEARISH,2026-02-05,Short-term BEARISH | Medium-term BEARISH | OBV BEARISH | RSI oversold | MACD bearish
AMAR,SELL,SELL,60,8,212,210.4,223.1,227.64,30,-5.18,45.83,BEARISH,BEARISH,BEARISH,STRONG_BEARISH,2026-02-05,Short-term BEARISH | Medium-term BEARISH | OBV BEARISH | RSI oversold | MACD bearish
BMHS,SELL,SELL,60,17,190,188.6,196.9,198.48,36.36,-1.73,52.94,SIDEWAYS,BEARISH,BEARISH,BEARISH,2026-02-05,Medium-term BEARISH | OBV BULLISH | MACD bearish | OBV bullish
MCOL,SELL,SELL,60,17,3590,3574,3645.5,3702.2,36.11,-40.68,53.57,SIDEWAYS,BEARISH,BEARISH,BEARISH,2026-02-05,Medium-term BEARISH | OBV BULLISH | MACD bearish | OBV bullish
GTSI,SELL,SELL,60,8,290,277.6,377.7,299.8,31.78,-11.57,31.16,BEARISH,BEARISH,BEARISH,STRONG_BEARISH,2026-02-05,Short-term BEARISH | Medium-term BEARISH | OBV BEARISH | MACD bearish | OBV bearish
MTMH,SELL,SELL,60,0,1020,1028,1132,1157.6,21.31,-42.27,27.87,BEARISH,BEARISH,BEARISH,STRONG_BEARISH,2026-02-05,Short-term BEARISH | Medium-term BEARISH | OBV BEARISH | RSI oversold | MACD bearish
TRGU,SELL,SELL,60,0,190,191.8,193.95,196.6,36,-1.73,70,BEARISH,BEARISH,BEARISH,STRONG_BEARISH,2026-02-05,Short-term BEARISH | Medium-term BEARISH | OBV BEARISH | MACD bearish | OBV bearish
BUAH,SELL,SELL,60,0,570,570,614.5,647.6,25,-22.78,42.31,BEARISH,BEARISH,BEARISH,STRONG_BEARISH,2026-02-05,Short-term BEARISH | Medium-term BEARISH | OBV BEARISH | RSI oversold | MACD bearish
PRAY,SELL,SELL,60,0,795,807,840.5,858,29.03,-14.87,48.39,BEARISH,BEARISH,BEARISH,STRONG_BEARISH,2026-02-05,Short-term BEARISH | Medium-term BEARISH | OBV BEARISH | RSI oversold | MACD bearish
BELI,SELL,SELL,60,0,442,450.4,465.1,468.92,33.33,-5.62,0,BEARISH,BEARISH,BEARISH,STRONG_BEARISH,2026-02-05,Short-term BEARISH | Medium-term BEARISH | Stochastic OVERSOLD (K=0) | OBV BEARISH | Bollinger OVERSOLD
MKTR,SELL,SELL,60,0,136,137.2,147.05,148.98,43.16,-3.52,27.59,BEARISH,BEARISH,BEARISH,STRONG_BEARISH,2026-02-05,Short-term BEARISH | Medium-term BEARISH | OBV BULLISH | MACD bearish | OBV bullish
IRSX,SELL,SELL,60,0,535,549.2,637.05,596.24,32.34,-15.01,24.67,BEARISH,BEARISH,BEARISH,STRONG_BEARISH,2026-02-05,Short-term BEARISH | Medium-term BEARISH | OBV BEARISH | MACD bearish | OBV bearish
PGEO,SELL,SELL,60,17,1140,1123,1191.75,1174.2,32.61,-18.95,51.47,SIDEWAYS,BEARISH,BEARISH,BEARISH,2026-02-05,Medium-term BEARISH | OBV BULLISH | MACD bearish | OBV bullish
CUAN,SELL,SELL,60,25,1710,1684,1821,2183.6,45.54,-138.63,50,BULLISH,BEARISH,BEARISH,BEARISH,2026-02-05,Short-term BULLISH | Medium-term BEARISH | OBV BEARISH | OBV bearish | Below VWAP
INET,SELL,SELL,60,8,366,362,468.4,472.66,31.4,-35.37,28.21,BEARISH,BEARISH,BEARISH,STRONG_BEARISH,2026-02-05,Short-term BEARISH | Medium-term BEARISH | OBV BEARISH | MACD bearish | OBV bearish
CNMA,SELL,SELL,60,8,109,108.6,116.55,118.3,29.03,-3.12,40.74,BEARISH,BEARISH,BEARISH,STRONG_BEARISH,2026-02-05,Short-term BEARISH | Medium-term BEARISH | OBV BEARISH | RSI oversold | MACD bearish
BREN,SELL,SELL,60,0,8250,8305,9056.25,9380.5,26.61,-335.65,45.63,BEARISH,BEARISH,BEARISH,STRONG_BEARISH,2026-02-05,Short-term BEARISH | Medium-term BEARISH | OBV BEARISH | RSI oversold | MACD bearish
BLES,SELL,SELL,60,17,153,149,161.15,161.16,40.35,-3.6,40,SIDEWAYS,BEARISH,BEARISH,BEARISH,2026-02-05,Medium-term BEARISH | OBV BULLISH | MACD bearish | OBV bullish
COIN,SELL,SELL,60,17,2120,2092,2667,3357.6,27.95,-401.48,28.3,SIDEWAYS,BEARISH,BEARISH,BEARISH,2026-02-05,Medium-term BEARISH | OBV BEARISH | RSI oversold | MACD bearish
NICE,SELL,SELL,60,0,368,368.8,423.5,414.48,20.83,-14.63,24.32,BEARISH,BEARISH,BEARISH,STRONG_BEARISH,2026-02-05,Short-term BEARISH | Medium-term BEARISH | OBV BEARISH | RSI oversold | MACD bearish
FAPA,SELL,SELL,60,17,6200,6190,6241.25,6263.5,44.44,-22,33.33,SIDEWAYS,BEARISH,BEARISH,BEARISH,2026-02-05,Medium-term BEARISH | OBV BEARISH | MACD bearish | OBV bearish
KETR,SELL,SELL,60,0,705,707,921.25,931.7,20.16,-80.08,25.24,BEARISH,BEARISH,BEARISH,STRONG_BEARISH,2026-02-05,Short-term BEARISH | Medium-term BEARISH | OBV BEARISH | RSI oversold | MACD bearish
AGRO,SELL,SELL,60,17,218,214.4,231.1,232.32,30.77,-6.18,50,SIDEWAYS,BEARISH,BEARISH,BEARISH,2026-02-05,Medium-term BEARISH | OBV BULLISH | MACD bearish | OBV bullish
ABDA,SELL,SELL,50,0,2240,2320,3255.5,3099.2,9.65,-284.9,0,BEARISH,BEARISH,BEARISH,STRONG_BEARISH,2026-02-05,Short-term BEARISH | Medium-term BEARISH | Stochastic OVERSOLD (K=0) | OBV BEARISH | RSI oversold
APIC,SELL,SELL,50,0,1395,1437,1471.5,1484.5,48.08,-13.26,13.83,BEARISH,BEARISH,BEARISH,STRONG_BEARISH,2026-02-05,Short-term BEARISH | Medium-term BEARISH | Stochastic OVERSOLD (K=14) | OBV BEARISH | MACD bearish
ARTA,SELL,SELL,50,0,2460,2568,2867.5,2921.8,28.07,-129.23,7.25,BEARISH,BEARISH,BEARISH,STRONG_BEARISH,2026-02-05,Short-term BEARISH | Medium-term BEARISH | Stochastic OVERSOLD (K=7) | OBV BEARISH | RSI oversold
BLTA,SELL,SELL,50,8,42,41.4,50.15,43.18,28.89,-1.34,17.39,BEARISH,BEARISH,BEARISH,STRONG_BEARISH,2026-02-05,Short-term BEARISH | Medium-term BEARISH | Stochastic OVERSOLD (K=17) | OBV BEARISH | RSI oversold
BNBA,SELL,SELL,50,17,870,886,990.75,808.8,42.04,15.94,11.67,BEARISH,SIDEWAYS,BEARISH,BEARISH,2026-02-05,Short-term BEARISH | Stochastic OVERSOLD (K=12) | OBV BEARISH | Stochastic oversold | OBV bearish
BPII,SELL,SELL,50,0,452,476.2,507.55,509.22,38.53,-9.29,0.95,BEARISH,BEARISH,BEARISH,STRONG_BEARISH,2026-02-05,Short-term BEARISH | Medium-term BEARISH | Stochastic OVERSOLD (K=1) | OBV BULLISH | MACD bearish
BUMI,SELL,SELL,50,0,240,245.6,348.2,331.24,24.24,-32.33,17.36,BEARISH,BEARISH,BEARISH,STRONG_BEARISH,2026-02-05,Short-term BEARISH | Medium-term BEARISH | Stochastic OVERSOLD (K=17) | OBV BEARISH | RSI oversold
FISH,SELL,SELL,50,17,970,948,1087,1148.3,43.72,-64.59,16.22,SIDEWAYS,BEARISH,BEARISH,BEARISH,2026-02-05,Medium-term BEARISH | Stochastic OVERSOLD (K=16) | OBV BULLISH | MACD bearish | Stochastic oversold
IATA,SELL,SELL,50,0,82,85.2,119.55,121.86,4.69,-13.99,3.03,BEARISH,BEARISH,BEARISH,STRONG_BEARISH,2026-02-05,Short-term BEARISH | Medium-term BEARISH | Stochastic OVERSOLD (K=3) | OBV BEARISH | RSI oversold
IMPC,SELL,SELL,50,0,2130,2178,3116.5,3389.6,21.9,-366.34,17.55,BEARISH,BEARISH,BEARISH,STRONG_BEARISH,2026-02-05,Short-term BEARISH | Medium-term BEARISH | Stochastic OVERSOLD (K=18) | OBV BEARISH | RSI oversold
INTP,SELL,SELL,50,0,6400,6560,6823.75,6837,26.53,-96.35,29.55,BEARISH,BEARISH,BEARISH,STRONG_BEARISH,2026-02-05,Short-term BEARISH | Medium-term BEARISH | OBV BEARISH | Bollinger OVERSOLD | RSI oversold
ISAT,SELL,SELL,50,0,2130,2184,2246,2301.4,40.85,-27.13,14.55,BEARISH,BEARISH,BEARISH,STRONG_BEARISH,2026-02-05,Short-term BEARISH | Medium-term BEARISH | Stochastic OVERSOLD (K=15) | OBV BEARISH | MACD bearish
KPIG,SELL,SELL,50,0,175,179.4,235.4,179.36,22.64,-1.7,8.09,BEARISH,BEARISH,BEARISH,STRONG_BEARISH,2026-02-05,Short-term BEARISH | Medium-term BEARISH | Stochastic OVERSOLD (K=8) | OBV BEARISH | RSI oversold
LINK,SELL,SELL,50,0,1875,2010,3043.5,3567.4,6.74,-478.77,6.76,BEARISH,BEARISH,BEARISH,STRONG_BEARISH,2026-02-05,Short-term BEARISH | Medium-term BEARISH | Stochastic OVERSOLD (K=7) | OBV BEARISH | RSI oversold
LPKR,SELL,SELL,50,0,92,93.4,100.75,92.74,47.83,0.48,12.07,BEARISH,BEARISH,BEARISH,STRONG_BEARISH,2026-02-05,Short-term BEARISH | Medium-term BEARISH | Stochastic OVERSOLD (K=12) | OBV BEARISH | Stochastic oversold
LTLS,SELL,SELL,50,0,800,816,852.5,854,25,-13.27,52.94,BEARISH,BEARISH,BEARISH,STRONG_BEARISH,2026-02-05,Short-term BEARISH | Medium-term BEARISH | OBV BEARISH | Bollinger OVERSOLD | RSI oversold
MDIA,SELL,SELL,50,0,50,54.2,85.95,72.98,7.14,-8.11,3.23,BEARISH,BEARISH,BEARISH,STRONG_BEARISH,2026-02-05,Short-term BEARISH | Medium-term BEARISH | Stochastic OVERSOLD (K=3) | OBV BEARISH | RSI oversold
MLIA,SELL,SELL,50,0,316,322.8,335.6,337.12,24,-5.36,6.25,BEARISH,BEARISH,BEARISH,STRONG_BEARISH,2026-02-05,Short-term BEARISH | Medium-term BEARISH | Stochastic OVERSOLD (K=6) | OBV BEARISH | RSI oversold
MLPT,SELL,SELL,50,0,38500,40255,55968.75,63000.5,14.98,-7044.45,4.84,BEARISH,BEARISH,BEARISH,STRONG_BEARISH,2026-02-05,Short-term BEARISH | Medium-term BEARISH | Stochastic OVERSOLD (K=5) | OBV BEARISH | RSI oversold
RAJA,SELL,SELL,50,0,3810,3950,5701,6030.6,10.95,-667.08,16.93,BEARISH,BEARISH,BEARISH,STRONG_BEARISH,2026-02-05,Short-term BEARISH | Medium-term BEARISH | Stochastic OVERSOLD (K=17) | OBV BEARISH | RSI oversold
SSTM,SELL,SELL,50,0,1580,2215,2815.75,2227,32.35,-12.91,0,BEARISH,BEARISH,BEARISH,STRONG_BEARISH,2026-02-05,Short-term BEARISH | Medium-term BEARISH | Stochastic OVERSOLD (K=0) | OBV BEARISH | MACD bearish
TIFA,SELL,SELL,50,0,364,371.2,428,468.46,19.23,-31.06,18.18,BEARISH,BEARISH,BEARISH,STRONG_BEARISH,2026-02-05,Short-term BEARISH | Medium-term BEARISH | Stochastic OVERSOLD (K=18) | OBV BEARISH | RSI oversold
TOTO,SELL,SELL,50,17,268,266.8,270.6,272.68,40,-1.68,81.82,SIDEWAYS,BEARISH,BEARISH,BEARISH,2026-02-05,Medium-term BEARISH | Stochastic OVERBOUGHT (K=82) | OBV BULLISH | MACD bearish | Stochastic overbought
CARS,SELL,SELL,50,0,95,95.8,113.65,119.8,24.07,-7.5,19.44,BEARISH,BEARISH,BEARISH,STRONG_BEARISH,2026-02-05,Short-term BEARISH | Medium-term BEARISH | Stochastic OVERSOLD (K=19) | OBV BEARISH | RSI oversold
MINA,SELL,SELL,50,0,252,318.8,489.8,442.5,14.47,-44.07,0,BEARISH,BEARISH,BEARISH,STRONG_BEARISH,2026-02-05,Short-term BEARISH | Medium-term BEARISH | Stochastic OVERSOLD (K=0) | OBV BEARISH | RSI oversold
TAMU,SELL,SELL,50,0,32,35,50.7,40.64,10.91,-2.91,0,BEARISH,BEARISH,BEARISH,STRONG_BEARISH,2026-02-05,Short-term BEARISH | Medium-term BEARISH | Stochastic OVERSOLD (K=0) | OBV BEARISH | RSI oversold
MSIN,SELL,SELL,50,0,336,350.4,428.9,425.04,17.71,-25.68,6.63,BEARISH,BEARISH,BEARISH,STRONG_BEARISH,2026-02-05,Short-term BEARISH | Medium-term BEARISH | Stochastic OVERSOLD (K=7) | OBV BEARISH | RSI oversold
RISE,SELL,SELL,50,0,4000,4459,5928.5,6409.4,28.59,-555.79,7.45,BEARISH,BEARISH,BEARISH,STRONG_BEARISH,2026-02-05,Short-term BEARISH | Medium-term BEARISH | Stochastic OVERSOLD (K=7) | OBV BEARISH | RSI oversold
TEBE,SELL,SELL,50,0,1330,1458,1982,2168.2,26.94,-228.87,9.29,BEARISH,BEARISH,BEARISH,STRONG_BEARISH,2026-02-05,Short-term BEARISH | Medium-term BEARISH | Stochastic OVERSOLD (K=9) | OBV BEARISH | RSI oversold
BBSS,SELL,SELL,50,8,280,279.6,424.2,421.7,13.93,-48.26,14.29,BEARISH,BEARISH,BEARISH,STRONG_BEARISH,2026-02-05,Short-term BEARISH | Medium-term BEARISH | Stochastic OVERSOLD (K=14) | OBV BEARISH | RSI oversold
PGUN,SELL,SELL,50,0,8575,8730,10058.75,10454.5,45.27,-499.89,13.66,BEARISH,BEARISH,BEARISH,STRONG_BEARISH,2026-02-05,Short-term BEARISH | Medium-term BEARISH | Stochastic OVERSOLD (K=14) | OBV BULLISH | MACD bearish
PNGO,SELL,SELL,50,0,3070,3088,3345,3184.2,30.25,-50.52,16.07,BEARISH,BEARISH,BEARISH,STRONG_BEARISH,2026-02-05,Short-term BEARISH | Medium-term BEARISH | Stochastic OVERSOLD (K=16) | OBV BULLISH | MACD bearish
BANK,SELL,SELL,50,8,630,624,802.75,891.7,22.95,-90.57,14.94,BEARISH,BEARISH,BEARISH,STRONG_BEARISH,2026-02-05,Short-term BEARISH | Medium-term BEARISH | Stochastic OVERSOLD (K=15) | OBV BEARISH | RSI oversold
TRUE,SELL,SELL,50,0,226,287.2,424.9,297.28,8.24,-13.11,3.18,BEARISH,BEARISH,BEARISH,STRONG_BEARISH,2026-02-05,Short-term BEARISH | Medium-term BEARISH | Stochastic OVERSOLD (K=3) | OBV BEARISH | RSI oversold
MTEL,SELL,SELL,50,0,535,546,583.5,604.8,10,-19.43,0,BEARISH,BEARISH,BEARISH,STRONG_BEARISH,2026-02-05,Short-term BEARISH | Medium-term BEARISH | Stochastic OVERSOLD (K=0) | OBV BEARISH | RSI oversold
NETV,SELL,SELL,50,0,117,125.6,163.15,145.52,28.23,-8.13,13.33,BEARISH,BEARISH,BEARISH,STRONG_BEARISH,2026-02-05,Short-term BEARISH | Medium-term BEARISH | Stochastic OVERSOLD (K=13) | OBV BEARISH | RSI oversold
ENAK,SELL,SELL,50,0,492,506.4,556.35,612.04,24.59,-30.89,0,BEARISH,BEARISH,BEARISH,STRONG_BEARISH,2026-02-05,Short-term BEARISH | Medium-term BEARISH | Stochastic OVERSOLD (K=0) | OBV BEARISH | RSI oversold
FUTR,SELL,SELL,50,0,362,378,518.2,613.18,19.61,-75.31,17.97,BEARISH,BEARISH,BEARISH,STRONG_BEARISH,2026-02-05,Short-term BEARISH | Medium-term BEARISH | Stochastic OVERSOLD (K=18) | OBV BEARISH | RSI oversold
HILL,SELL,SELL,50,0,128,129.6,155.25,154.74,21.52,-8.88,16.07,BEARISH,BEARISH,BEARISH,STRONG_BEARISH,2026-02-05,Short-term BEARISH | Medium-term BEARISH | Stochastic OVERSOLD (K=16) | OBV BEARISH | RSI oversold
STRK,SELL,SELL,50,0,172,178,200.65,203.44,30.33,-7.14,13.85,BEARISH,BEARISH,BEARISH,STRONG_BEARISH,2026-02-05,Short-term BEARISH | Medium-term BEARISH | Stochastic OVERSOLD (K=14) | OBV BULLISH | MACD bearish
GOLF,SELL,SELL,50,0,212,228.4,279.5,250.24,43.98,-3.97,8.68,BEARISH,BEARISH,BEARISH,STRONG_BEARISH,2026-02-05,Short-term BEARISH | Medium-term BEARISH | Stochastic OVERSOLD (K=9) | OBV BULLISH | MACD bearish
DAAZ,SELL,SELL,50,17,3390,3584,3544.5,2795.6,47.46,249.86,14.87,BEARISH,SIDEWAYS,BEARISH,BEARISH,2026-02-05,Short-term BEARISH | Stochastic OVERSOLD (K=15) | OBV BEARISH | Stochastic oversold | OBV bearish
RATU,SELL,SELL,50,0,4980,5175,7497.5,9420,12.71,-1263.74,16.68,BEARISH,BEARISH,BEARISH,STRONG_BEARISH,2026-02-05,Short-term BEARISH | Medium-term BEARISH | Stochastic OVERSOLD (K=17) | OBV BEARISH | RSI oversold
CARE,SELL,SELL,50,0,462,476.8,678.7,614.5,37.05,-42.89,7.02,BEARISH,BEARISH,BEARISH,STRONG_BEARISH,2026-02-05,Short-term BEARISH | Medium-term BEARISH | Stochastic OVERSOLD (K=7) | OBV BEARISH | MACD bearish
DOOH,SELL,SELL,50,0,179,183.2,235,265.16,29.15,-26.04,19.08,BEARISH,BEARISH,BEARISH,STRONG_BEARISH,2026-02-05,Short-term BEARISH | Medium-term BEARISH | Stochastic OVERSOLD (K=19) | OBV BEARISH | RSI oversold
WIFI,SELL,SELL,50,0,2330,2364,2829,3300.6,21.09,-276.2,16.67,BEARISH,BEARISH,BEARISH,STRONG_BEARISH,2026-02-05,Short-term BEARISH | Medium-term BEARISH | Stochastic OVERSOLD (K=17) | OBV BEARISH | RSI oversold
ALDO,STRONG_SELL,STRONG_SELL,80,0,545,554,577.75,644,34.09,-30.13,44.75,BEARISH,BEARISH,BEARISH,STRONG_BEARISH,2026-02-05,Short-term BEARISH | Medium-term BEARISH | OBV BEARISH | MACD bearish | OBV bearish
AMRT,STRONG_SELL,STRONG_SELL,80,17,1770,1744,1870,1889.1,32.2,-55.46,58.42,SIDEWAYS,BEARISH,BEARISH,BEARISH,2026-02-05,Medium-term BEARISH | OBV BEARISH | MACD bearish | OBV bearish
ANJT,STRONG_SELL,STRONG_SELL,80,8,1690,1687,1754.25,1788.8,30.77,-35.98,60.76,BEARISH,BEARISH,BEARISH,STRONG_BEARISH,2026-02-05,Short-term BEARISH | Medium-term BEARISH | OBV BEARISH | MACD bearish | OBV bearish
ATIC,STRONG_SELL,STRONG_SELL,80,8,600,596,661.5,664.5,30.36,-21.09,40,BEARISH,BEARISH,BEARISH,STRONG_BEARISH,2026-02-05,Short-term BEARISH | Medium-term BEARISH | OBV BEARISH | MACD bearish | OBV bearish
BABP,STRONG_SELL,STRONG_SELL,80,0,58,58,62.5,58.6,30.43,-0.43,44.44,BEARISH,BEARISH,BEARISH,STRONG_BEARISH,2026-02-05,Short-term BEARISH | Medium-term BEARISH | OBV BEARISH | MACD bearish | OBV bearish
BALI,STRONG_SELL,STRONG_SELL,80,17,1310,1286,1506,1545.6,36.51,-82.13,35.97,SIDEWAYS,BEARISH,BEARISH,BEARISH,2026-02-05,Medium-term BEARISH | OBV BEARISH | MACD bearish | OBV bearish
BFIN,STRONG_SELL,STRONG_SELL,80,0,700,703,715,725.2,30.77,-5.79,69.23,BEARISH,BEARISH,BEARISH,STRONG_BEARISH,2026-02-05,Short-term BEARISH | Medium-term BEARISH | OBV BEARISH | MACD bearish | OBV bearish
BKSW,STRONG_SELL,STRONG_SELL,80,17,64,63.8,65,65.34,46.15,-0.53,70,SIDEWAYS,BEARISH,BEARISH,BEARISH,2026-02-05,Medium-term BEARISH | OBV BEARISH | MACD bearish | OBV bearish
BRAM,STRONG_SELL,STRONG_SELL,80,17,4570,4544,4631,4683,41.77,-43.98,73.4,SIDEWAYS,BEARISH,BEARISH,BEARISH,2026-02-05,Medium-term BEARISH | OBV BEARISH | MACD bearish | OBV bearish
BTEL,STRONG_SELL,STRONG_SELL,80,0,50,50,50,50,99.01,0,50,BEARISH,BEARISH,BEARISH,STRONG_BEARISH,2026-02-05,Short-term BEARISH | Medium-term BEARISH | OBV NEUTRAL | Bollinger OVERBOUGHT | RSI overbought
BWPT,STRONG_SELL,STRONG_SELL,80,0,130,131.8,144.45,151.4,42.27,-5.13,23.4,BEARISH,BEARISH,BEARISH,STRONG_BEARISH,2026-02-05,Short-term BEARISH | Medium-term BEARISH | OBV BEARISH | MACD bearish | OBV bearish
CENT,STRONG_SELL,STRONG_SELL,80,8,128,127.4,148.4,151,36.63,-6.92,20.63,BEARISH,BEARISH,BEARISH,STRONG_BEARISH,2026-02-05,Short-term BEARISH | Medium-term BEARISH | OBV BEARISH | MACD bearish | OBV bearish
CSAP,STRONG_SELL,STRONG_SELL,80,0,308,308.8,320.2,322.96,44.74,-2.98,33.33,BEARISH,BEARISH,BEARISH,STRONG_BEARISH,2026-02-05,Short-term BEARISH | Medium-term BEARISH | OBV BEARISH | MACD bearish | OBV bearish
DILD,STRONG_SELL,STRONG_SELL,80,17,138,136.8,147.75,140.58,31.25,-1.56,46.15,SIDEWAYS,BEARISH,BEARISH,BEARISH,2026-02-05,Medium-term BEARISH | OBV BEARISH | MACD bearish | OBV bearish
DSNG,STRONG_SELL,STRONG_SELL,80,17,1445,1420,1472.75,1538,49.51,-30,47.83,SIDEWAYS,BEARISH,BEARISH,BEARISH,2026-02-05,Medium-term BEARISH | OBV BEARISH | MACD bearish | OBV bearish
ESSA,STRONG_SELL,STRONG_SELL,80,8,630,623,657.25,638.5,45.59,-2.64,39.02,BEARISH,BEARISH,BEARISH,STRONG_BEARISH,2026-02-05,Short-term BEARISH | Medium-term BEARISH | OBV BEARISH | MACD bearish | OBV bearish
FASW,STRONG_SELL,STRONG_SELL,80,0,5275,5275,5275,5275,99.01,0,50,BEARISH,BEARISH,BEARISH,STRONG_BEARISH,2026-02-05,Short-term BEARISH | Medium-term BEARISH | OBV NEUTRAL | Bollinger OVERBOUGHT | RSI overbought
GIAA,STRONG_SELL,STRONG_SELL,80,0,86,86.2,91.05,98.42,41.51,-3.83,63.64,BEARISH,BEARISH,BEARISH,STRONG_BEARISH,2026-02-05,Short-term BEARISH | Medium-term BEARISH | OBV BEARISH | MACD bearish | OBV bearish
GZCO,STRONG_SELL,STRONG_SELL,80,0,202,204.8,239.9,269.04,32.47,-18.83,20.83,BEARISH,BEARISH,BEARISH,STRONG_BEARISH,2026-02-05,Short-term BEARISH | Medium-term BEARISH | OBV BEARISH | MACD bearish | OBV bearish
HOME,STRONG_SELL,STRONG_SELL,80,0,50,50,50,50,99.01,0,50,BEARISH,BEARISH,BEARISH,STRONG_BEARISH,2026-02-05,Short-term BEARISH | Medium-term BEARISH | OBV NEUTRAL | Bollinger OVERBOUGHT | RSI overbought
IIKP,STRONG_SELL,STRONG_SELL,80,0,50,50,50,50,99.01,0,50,BEARISH,BEARISH,BEARISH,STRONG_BEARISH,2026-02-05,Short-term BEARISH | Medium-term BEARISH | OBV NEUTRAL | Bollinger OVERBOUGHT | RSI overbought
IMAS,STRONG_SELL,STRONG_SELL,80,17,1070,1048,1133,1186.5,31.75,-38.44,50.85,SIDEWAYS,BEARISH,BEARISH,BEARISH,2026-02-05,Medium-term BEARISH | OBV BEARISH | MACD bearish | OBV bearish
IMJS,STRONG_SELL,STRONG_SELL,80,8,199,197,233.65,279.46,30.66,-23.25,22.22,BEARISH,BEARISH,BEARISH,STRONG_BEARISH,2026-02-05,Short-term BEARISH | Medium-term BEARISH | OBV BEARISH | MACD bearish | OBV bearish
INPC,STRONG_SELL,STRONG_SELL,80,8,176,175,204.75,179.1,34.38,-3.76,26.42,BEARISH,BEARISH,BEARISH,STRONG_BEARISH,2026-02-05,Short-term BEARISH | Medium-term BEARISH | OBV BEARISH | MACD bearish | OBV bearish
JAWA,STRONG_SELL,STRONG_SELL,80,0,173,174.4,185.4,189.74,34.38,-4.83,42.59,BEARISH,BEARISH,BEARISH,STRONG_BEARISH,2026-02-05,Short-term BEARISH | Medium-term BEARISH | OBV BEARISH | MACD bearish | OBV bearish
JKON,STRONG_SELL,STRONG_SELL,80,17,80,78.4,85.3,86.22,32.14,-2.46,50,SIDEWAYS,BEARISH,BEARISH,BEARISH,2026-02-05,Medium-term BEARISH | OBV BEARISH | MACD bearish | OBV bearish
KAEF,STRONG_SELL,STRONG_SELL,80,0,520,522,534.25,539.4,39.29,-5.78,67.29,BEARISH,BEARISH,BEARISH,STRONG_BEARISH,2026-02-05,Short-term BEARISH | Medium-term BEARISH | OBV BEARISH | MACD bearish | OBV bearish
KLBF,STRONG_SELL,STRONG_SELL,80,0,1115,1138,1175,1189.3,35.94,-21.23,46.67,BEARISH,BEARISH,BEARISH,STRONG_BEARISH,2026-02-05,Short-term BEARISH | Medium-term BEARISH | OBV BEARISH | MACD bearish | OBV bearish
MAIN,STRONG_SELL,STRONG_SELL,80,8,755,751,809,802.2,31.37,-18.92,36.96,BEARISH,BEARISH,BEARISH,STRONG_BEARISH,2026-02-05,Short-term BEARISH | Medium-term BEARISH | OBV BEARISH | MACD bearish | OBV bearish
MAYA,STRONG_SELL,STRONG_SELL,80,0,222,223.2,233.9,237.72,36.36,-4.84,55.93,BEARISH,BEARISH,BEARISH,STRONG_BEARISH,2026-02-05,Short-term BEARISH | Medium-term BEARISH | OBV BEARISH | MACD bearish | OBV bearish
MCOR,STRONG_SELL,STRONG_SELL,80,0,74,74,76.85,75.9,30.77,-0.76,46.15,BEARISH,BEARISH,BEARISH,STRONG_BEARISH,2026-02-05,Short-term BEARISH | Medium-term BEARISH | OBV BEARISH | MACD bearish | OBV bearish
MEGA,STRONG_SELL,STRONG_SELL,80,17,3300,3286,3308.5,3307.4,53.85,-2.28,57.69,SIDEWAYS,BEARISH,BEARISH,BEARISH,2026-02-05,Medium-term BEARISH | OBV BEARISH | MACD bearish | OBV bearish
META,STRONG_SELL,STRONG_SELL,80,0,238,238,238,238,99.01,0,50,BEARISH,BEARISH,BEARISH,STRONG_BEARISH,2026-02-05,Short-term BEARISH | Medium-term BEARISH | OBV NEUTRAL | Bollinger OVERBOUGHT | RSI overbought
MLPL,STRONG_SELL,STRONG_SELL,80,8,114,113.2,138.15,145.46,35.19,-9.13,20.34,BEARISH,BEARISH,BEARISH,STRONG_BEARISH,2026-02-05,Short-term BEARISH | Medium-term BEARISH | OBV BEARISH | MACD bearish | OBV bearish
MTDL,STRONG_SELL,STRONG_SELL,80,0,570,570,582.5,591.7,42.11,-6.88,70,BEARISH,BEARISH,BEARISH,STRONG_BEARISH,2026-02-05,Short-term BEARISH | Medium-term BEARISH | OBV BEARISH | MACD bearish | OBV bearish
MYOH,STRONG_SELL,STRONG_SELL,80,0,1390,1409,1428.75,1465.9,46.88,-17.91,21.62,BEARISH,BEARISH,BEARISH,STRONG_BEARISH,2026-02-05,Short-term BEARISH | Medium-term BEARISH | OBV BEARISH | MACD bearish | OBV bearish
NOBU,STRONG_SELL,STRONG_SELL,80,25,520,516.8,536.95,518.62,40.89,-2.13,54.55,SIDEWAYS,BEARISH,BEARISH,BEARISH,2026-02-05,Medium-term BEARISH | OBV BEARISH | MACD bearish | OBV bearish
PLIN,STRONG_SELL,STRONG_SELL,80,0,2510,2510,2510,2510,99.01,0,50,BEARISH,BEARISH,BEARISH,STRONG_BEARISH,2026-02-05,Short-term BEARISH | Medium-term BEARISH | OBV NEUTRAL | Bollinger OVERBOUGHT | RSI overbought
PNLF,STRONG_SELL,STRONG_SELL,80,17,266,261.6,286.6,274.52,31.91,-4.57,42.5,SIDEWAYS,BEARISH,BEARISH,BEARISH,2026-02-05,Medium-term BEARISH | OBV BEARISH | MACD bearish | OBV bearish
RANC,STRONG_SELL,STRONG_SELL,80,17,785,779,827,884.9,39.02,-33.05,48.84,SIDEWAYS,BEARISH,BEARISH,BEARISH,2026-02-05,Medium-term BEARISH | OBV BEARISH | MACD bearish | OBV bearish
RIMO,STRONG_SELL,STRONG_SELL,80,0,50,50,50,50,99.01,0,50,BEARISH,BEARISH,BEARISH,STRONG_BEARISH,2026-02-05,Short-term BEARISH | Medium-term BEARISH | OBV NEUTRAL | Bollinger OVERBOUGHT | RSI overbought
ROTI,STRONG_SELL,STRONG_SELL,80,17,765,761,774.5,784.4,42.11,-7.05,64.29,SIDEWAYS,BEARISH,BEARISH,BEARISH,2026-02-05,Medium-term BEARISH | OBV BEARISH | MACD bearish | OBV bearish
SAME,STRONG_SELL,STRONG_SELL,80,0,302,304.8,338.7,369.48,30.16,-16.58,28.89,BEARISH,BEARISH,BEARISH,STRONG_BEARISH,2026-02-05,Short-term BEARISH | Medium-term BEARISH | OBV BEARISH | MACD bearish | OBV bearish
SCMA,STRONG_SELL,STRONG_SELL,80,17,260,244.4,292.7,345.28,34.51,-29.17,45.45,SIDEWAYS,BEARISH,BEARISH,BEARISH,2026-02-05,Medium-term BEARISH | OBV BEARISH | MACD bearish | OBV bearish
SDRA,STRONG_SELL,STRONG_SELL,80,0,280,280.4,284.1,284.24,40,-1.38,25,BEARISH,BEARISH,BEARISH,STRONG_BEARISH,2026-02-05,Short-term BEARISH | Medium-term BEARISH | OBV BEARISH | MACD bearish | OBV bearish
SIDO,STRONG_SELL,STRONG_SELL,80,17,525,522,534.75,539.8,40,-5.99,58.33,SIDEWAYS,BEARISH,BEARISH,BEARISH,2026-02-05,Medium-term BEARISH | OBV BEARISH | MACD bearish | OBV bearish
SMCB,STRONG_SELL,STRONG_SELL,80,0,775,775,775,775,99.01,0,50,BEARISH,BEARISH,BEARISH,STRONG_BEARISH,2026-02-05,Short-term BEARISH | Medium-term BEARISH | OBV NEUTRAL | Bollinger OVERBOUGHT | RSI overbought
SMMA,STRONG_SELL,STRONG_SELL,80,0,12650,12930,12992.5,13091,39.53,-99.08,57.5,BEARISH,BEARISH,BEARISH,STRONG_BEARISH,2026-02-05,Short-term BEARISH | Medium-term BEARISH | OBV BEARISH | MACD bearish | OBV bearish
SRIL,STRONG_SELL,STRONG_SELL,80,0,146,146,146,146,99.01,0,50,BEARISH,BEARISH,BEARISH,STRONG_BEARISH,2026-02-05,Short-term BEARISH | Medium-term BEARISH | OBV NEUTRAL | Bollinger OVERBOUGHT | RSI overbought
SUPR,STRONG_SELL,STRONG_SELL,80,0,43850,43850,43850,43850,99.01,0,50,BEARISH,BEARISH,BEARISH,STRONG_BEARISH,2026-02-05,Short-term BEARISH | Medium-term BEARISH | OBV NEUTRAL | Bollinger OVERBOUGHT | RSI overbought
TLKM,STRONG_SELL,STRONG_SELL,80,0,3290,3434,3582,3564.2,36.3,-38.07,21.35,BEARISH,BEARISH,BEARISH,STRONG_BEARISH,2026-02-05,Short-term BEARISH | Medium-term BEARISH | OBV BEARISH | MACD bearish | OBV bearish
TOWR,STRONG_SELL,STRONG_SELL,80,8,535,532,561.25,560.3,46.67,-8.24,35.39,BEARISH,BEARISH,BEARISH,STRONG_BEARISH,2026-02-05,Short-term BEARISH | Medium-term BEARISH | OBV BEARISH | MACD bearish | OBV bearish
TRAM,STRONG_SELL,STRONG_SELL,80,0,50,50,50,50,99.01,0,50,BEARISH,BEARISH,BEARISH,STRONG_BEARISH,2026-02-05,Short-term BEARISH | Medium-term BEARISH | OBV NEUTRAL | Bollinger OVERBOUGHT | RSI overbought
WIKA,STRONG_SELL,STRONG_SELL,80,0,204,204,204,204,99.01,0,50,BEARISH,BEARISH,BEARISH,STRONG_BEARISH,2026-02-05,Short-term BEARISH | Medium-term BEARISH | OBV NEUTRAL | Bollinger OVERBOUGHT | RSI overbought
WOMF,STRONG_SELL,STRONG_SELL,80,8,318,317.6,325,327.56,31.82,-2.93,60,BEARISH,BEARISH,BEARISH,STRONG_BEARISH,2026-02-05,Short-term BEARISH | Medium-term BEARISH | OBV BEARISH | MACD bearish | OBV bearish
WSKT,STRONG_SELL,STRONG_SELL,80,0,202,202,202,202,99.01,0,50,BEARISH,BEARISH,BEARISH,STRONG_BEARISH,2026-02-05,Short-term BEARISH | Medium-term BEARISH | OBV NEUTRAL | Bollinger OVERBOUGHT | RSI overbought
CLEO,STRONG_SELL,STRONG_SELL,80,17,404,396.8,432.8,465.5,30.77,-20.79,48.33,SIDEWAYS,BEARISH,BEARISH,BEARISH,2026-02-05,Medium-term BEARISH | OBV BEARISH | MACD bearish | OBV bearish
WOOD,STRONG_SELL,STRONG_SELL,80,0,342,342.4,354.7,367,41.07,-9.77,58.33,BEARISH,BEARISH,BEARISH,STRONG_BEARISH,2026-02-05,Short-term BEARISH | Medium-term BEARISH | OBV BEARISH | MACD bearish | OBV bearish
MTWI,STRONG_SELL,STRONG_SELL,80,0,354,360.8,368.9,369.48,47.06,-4.13,59.57,BEARISH,BEARISH,BEARISH,STRONG_BEARISH,2026-02-05,Short-term BEARISH | Medium-term BEARISH | OBV BEARISH | MACD bearish | OBV bearish
PBID,STRONG_SELL,STRONG_SELL,80,0,486,487.2,491.5,488.52,48.33,-0.31,48.65,BEARISH,BEARISH,BEARISH,STRONG_BEARISH,2026-02-05,Short-term BEARISH | Medium-term BEARISH | OBV BEARISH | MACD bearish | OBV bearish
CAMP,STRONG_SELL,STRONG_SELL,80,0,214,215.2,215,216.24,50,-0.21,40,BEARISH,BEARISH,BEARISH,STRONG_BEARISH,2026-02-05,Short-term BEARISH | Medium-term BEARISH | OBV BEARISH | MACD bearish | OBV bearish
TDPM,STRONG_SELL,STRONG_SELL,80,0,119,119,119,119,99.01,0,50,BEARISH,BEARISH,BEARISH,STRONG_BEARISH,2026-02-05,Short-term BEARISH | Medium-term BEARISH | OBV NEUTRAL | Bollinger OVERBOUGHT | RSI overbought
HEAL,STRONG_SELL,STRONG_SELL,80,8,1315,1313,1376,1399,33.33,-28.78,44.19,BEARISH,BEARISH,BEARISH,STRONG_BEARISH,2026-02-05,Short-term BEARISH | Medium-term BEARISH | OBV BEARISH | MACD bearish | OBV bearish
MGRO,STRONG_SELL,STRONG_SELL,80,0,690,699,718,746.7,37.93,-15.42,47.06,BEARISH,BEARISH,BEARISH,STRONG_BEARISH,2026-02-05,Short-term BEARISH | Medium-term BEARISH | OBV BEARISH | MACD bearish | OBV bearish
GOOD,STRONG_SELL,STRONG_SELL,80,0,350,350.8,353.5,360.64,50,-3.14,66.67,BEARISH,BEARISH,BEARISH,STRONG_BEARISH,2026-02-05,Short-term BEARISH | Medium-term BEARISH | OBV BEARISH | MACD bearish | OBV bearish
BOLA,STRONG_SELL,STRONG_SELL,80,8,174,173,187.45,178.58,41.11,-1.81,22.03,BEARISH,BEARISH,BEARISH,STRONG_BEARISH,2026-02-05,Short-term BEARISH | Medium-term BEARISH | OBV BEARISH | MACD bearish | OBV bearish
DMMX,STRONG_SELL,STRONG_SELL,80,17,294,286.8,327.1,358.8,33.33,-22.22,36.73,SIDEWAYS,BEARISH,BEARISH,BEARISH,2026-02-05,Medium-term BEARISH | OBV BEARISH | MACD bearish | OBV bearish
RONY,STRONG_SELL,STRONG_SELL,80,0,3240,3372,3782,3866.6,31.32,-166.11,20.69,BEARISH,BEARISH,BEARISH,STRONG_BEARISH,2026-02-05,Short-term BEARISH | Medium-term BEARISH | OBV BEARISH | MACD bearish | OBV bearish
VICI,STRONG_SELL,STRONG_SELL,80,8,600,599,654,717.6,40.4,-38.94,30.23,BEARISH,BEARISH,BEARISH,STRONG_BEARISH,2026-02-05,Short-term BEARISH | Medium-term BEARISH | OBV BEARISH | MACD bearish | OBV bearish
DEPO,STRONG_SELL,STRONG_SELL,80,0,244,247.2,262.3,268.2,36.36,-6.73,52.94,BEARISH,BEARISH,BEARISH,STRONG_BEARISH,2026-02-05,Short-term BEARISH | Medium-term BEARISH | OBV BEARISH | MACD bearish | OBV bearish
DRMA,STRONG_SELL,STRONG_SELL,80,0,1020,1025,1055.25,1057.9,45,-9.3,52.63,BEARISH,BEARISH,BEARISH,STRONG_BEARISH,2026-02-05,Short-term BEARISH | Medium-term BEARISH | OBV BEARISH | MACD bearish | OBV bearish
ASLC,STRONG_SELL,STRONG_SELL,80,17,81,78.8,88.5,88.24,32.43,-3.32,40,SIDEWAYS,BEARISH,BEARISH,BEARISH,2026-02-05,Medium-term BEARISH | OBV BEARISH | MACD bearish | OBV bearish
STAA,STRONG_SELL,STRONG_SELL,80,0,1210,1211,1293.75,1324.7,40.22,-32.73,32.2,BEARISH,BEARISH,BEARISH,STRONG_BEARISH,2026-02-05,Short-term BEARISH | Medium-term BEARISH | OBV BEARISH | MACD bearish | OBV bearish
GOTO,STRONG_SELL,STRONG_SELL,80,0,60,61.8,63.85,65.12,35.71,-1.15,38.46,BEARISH,BEARISH,BEARISH,STRONG_BEARISH,2026-02-05,Short-term BEARISH | Medium-term BEARISH | OBV BEARISH | MACD bearish | OBV bearish
BSBK,STRONG_SELL,STRONG_SELL,80,8,66,65,71.45,71.8,34.62,-2.12,27.27,BEARISH,BEARISH,BEARISH,STRONG_BEARISH,2026-02-05,Short-term BEARISH | Medium-term BEARISH | OBV BEARISH | MACD bearish | OBV bearish
SUNI,STRONG_SELL,STRONG_SELL,80,17,795,787,811.5,815.5,41.38,-7.49,50,SIDEWAYS,BEARISH,BEARISH,BEARISH,2026-02-05,Medium-term BEARISH | OBV BEARISH | MACD bearish | OBV bearish
MAHA,STRONG_SELL,STRONG_SELL,80,0,157,159.8,178.55,170.62,39.82,-4.36,20.83,BEARISH,BEARISH,BEARISH,STRONG_BEARISH,2026-02-05,Short-term BEARISH | Medium-term BEARISH | OBV BEARISH | MACD bearish | OBV bearish
ALII,STRONG_SELL,STRONG_SELL,80,8,745,734,946.25,922.3,36.57,-82.64,21.43,BEARISH,BEARISH,BEARISH,STRONG_BEARISH,2026-02-05,Short-term BEARISH | Medium-term BEARISH | OBV BEARISH | MACD bearish | OBV bearish
CBDK,STRONG_SELL,STRONG_SELL,80,8,5975,5781,6975.25,7812.1,34.55,-581.96,35.92,BEARISH,BEARISH,BEARISH,STRONG_BEARISH,2026-02-05,Short-term BEARISH | Medium-term BEARISH | OBV BEARISH | MACD bearish | OBV bearish
MINE,STRONG_SELL,STRONG_SELL,80,0,438,440.4,478.95,471.38,31.92,-10.67,40.31,BEARISH,BEARISH,BEARISH,STRONG_BEARISH,2026-02-05,Short-term BEARISH | Medium-term BEARISH | OBV BEARISH | MACD bearish | OBV bearish
BLOG,STRONG_SELL,STRONG_SELL,80,17,422,421.6,432.7,441.44,40.82,-7.82,62.16,SIDEWAYS,BEARISH,BEARISH,BEARISH,2026-02-05,Medium-term BEARISH | OBV BEARISH | MACD bearish | OBV bearish
YUPI,STRONG_SELL,STRONG_SELL,80,17,1565,1563,1586.75,1613.8,41.67,-15.85,76.32,SIDEWAYS,BEARISH,BEARISH,BEARISH,2026-02-05,Medium-term BEARISH | OBV BEARISH | MACD bearish | OBV bearish
FORE,STRONG_SELL,STRONG_SELL,80,0,480,480,520.6,530.54,35.54,-18.41,48.28,BEARISH,BEARISH,BEARISH,STRONG_BEARISH,2026-02-05,Short-term BEARISH | Medium-term BEARISH | OBV BEARISH | MACD bearish | OBV bearish
AGRS,STRONG_SELL,STRONG_SELL,80,8,75,74.8,79.55,79.34,33.33,-1.66,41.18,BEARISH,BEARISH,BEARISH,STRONG_BEARISH,2026-02-05,Short-term BEARISH | Medium-term BEARISH | OBV BEARISH | MACD bearish | OBV bearish
PPRO,STRONG_SELL,STRONG_SELL,80,0,21,21,21,21,99.01,0,50,BEARISH,BEARISH,BEARISH,STRONG_BEARISH,2026-02-05,Short-term BEARISH | Medium-term BEARISH | OBV NEUTRAL | Bollinger OVERBOUGHT | RSI overbought
